sample_id,cluster_label
0,0
1,1
2,2
3,0
4,3
5,3
6,3
7,4
8,1
9,2
10,1
11,4
12,2
13,1
14,4
15,1
16,0
17,2
18,2
19,4
20,4
21,1
22,1
23,3
24,4
25,3
26,4
27,0
28,1
29,3
30,2
31,1
32,2
33,4
34,3
35,2
36,2
37,4
38,1
39,2
40,3
41,4
42,3
43,2
44,2
45,3
46,4
47,4
48,2
49,3
50,4
51,3
52,1
53,3
54,1
55,1
56,0
57,1
58,3
59,4
60,3
61,2
62,0
63,1
64,2
65,1
66,4
67,0
68,4
69,4
70,4
71,1
72,2
73,2
74,1
75,3
76,3
77,2
78,2
79,4
80,3
81,0
82,2
83,1
84,3
85,1
86,2
87,1
88,1
89,2
90,1
91,4
92,1
93,1
94,1
95,4
96,1
97,4
98,0
99,0
100,4
101,1
102,1
103,0
104,1
105,3
106,2
107,1
108,0
109,2
110,3
111,1
112,1
113,0
114,2
115,2
116,3
117,1
118,4
119,1
120,4
121,3
122,1
123,4
124,0
125,4
126,2
127,1
128,1
129,4
130,2
131,1
132,0
133,1
134,3
135,3
136,1
137,0
138,0
139,2
140,1
141,2
142,2
143,1
144,0
145,2
146,1
147,-1
148,1
149,0
150,1
151,4
152,1
153,2
154,0
155,4
156,2
157,1
158,1
159,1
160,3
161,2
162,0
163,0
164,3
165,1
166,1
167,4
168,4
169,2
170,1
171,1
172,1
173,4
174,4
175,1
176,1
177,1
178,1
179,0
180,1
181,3
182,4
183,4
184,2
185,3
186,2
187,1
188,3
189,2
190,3
191,1
192,1
193,3
194,1
195,1
196,0
197,0
198,0
199,0
200,0
201,1
202,0
203,0
204,2
205,4
206,1
207,3
208,0
209,2
210,4
211,2
212,0
213,0
214,2
215,4
216,1
217,3
218,2
219,3
220,0
221,3
222,2
223,1
224,1
225,2
226,3
227,1
228,3
229,1
230,1
231,4
232,4
233,1
234,4
235,0
236,1
237,1
238,3
239,0
240,3
241,1
242,0
243,2
244,0
245,1
246,3
247,0
248,1
249,3
250,1
251,2
252,1
253,1
254,1
255,2
256,0
257,2
258,4
259,0
260,3
261,0
262,3
263,0
264,2
265,2
266,3
267,2
268,1
269,1
270,1
271,1
272,4
273,0
274,1
275,1
276,0
277,2
278,3
279,0
280,0
281,3
282,1
283,1
284,4
285,0
286,1
287,3
288,4
289,4
290,0
291,2
292,3
293,3
294,2
295,1
296,2
297,3
298,3
299,2
300,1
301,2
302,1
303,2
304,2
305,2
306,2
307,1
308,1
309,1
310,0
311,1
312,2
313,4
314,0
315,3
316,2
317,3
318,1
319,1
320,1
321,1
322,1
323,0
324,0
325,4
326,2
327,0
328,4
329,1
330,4
331,0
332,1
333,1
334,3
335,1
336,1
337,1
338,3
339,3
340,0
341,2
342,1
343,1
344,2
345,4
346,1
347,0
348,4
349,0
350,0
351,0
352,3
353,4
354,1
355,0
356,1
357,2
358,3
359,1
360,2
361,1
362,0
363,0
364,4
365,2
366,1
367,3
368,0
369,0
370,1
371,2
372,0
373,4
374,1
375,2
376,1
377,0
378,1
379,0
380,4
381,1
382,1
383,4
384,3
385,3
386,1
387,3
388,3
389,1
390,0
391,1
392,2
393,1
394,2
395,3
396,3
397,0
398,3
399,1
400,4
401,1
402,1
403,3
404,2
405,2
406,1
407,2
408,0
409,3
410,0
411,1
412,4
413,0
414,2
415,2
416,1
417,2
418,3
419,1
420,1
421,2
422,4
423,2
424,1
425,3
426,1
427,3
428,3
429,1
430,1
431,1
432,0
433,0
434,1
435,1
436,1
437,3
438,1
439,2
440,1
441,1
442,3
443,2
444,0
445,2
446,1
447,0
448,1
449,1
450,3
451,0
452,2
453,1
454,4
455,1
456,1
457,2
458,4
459,0
460,2
461,4
462,1
463,1
464,3
465,1
466,4
467,1
468,0
469,1
470,1
471,0
472,2
473,1
474,2
475,1
476,4
477,3
478,1
479,1
480,4
481,0
482,3
483,2
484,0
485,1
486,1
487,1
488,4
489,4
490,2
491,0
492,1
493,4
494,3
495,1
496,0
497,1
498,3
499,2
500,3
501,0
502,1
503,1
504,1
505,3
506,0
507,1
508,3
509,2
510,2
511,1
512,1
513,1
514,1
515,1
516,1
517,0
518,1
519,1
520,4
521,3
522,4
523,4
524,1
525,1
526,1
527,4
528,3
529,3
530,1
531,1
532,3
533,4
534,3
535,0
536,4
537,3
538,3
539,4
540,1
541,4
542,2
543,0
544,2
545,2
546,3
547,2
548,3
549,1
550,3
551,2
552,0
553,1
554,3
555,1
556,3
557,1
558,1
559,2
560,0
561,3
562,1
563,4
564,4
565,1
566,1
567,1
568,1
569,4
570,2
571,2
572,1
573,1
574,1
575,4
576,3
577,2
578,4
579,3
580,1
581,1
582,1
583,3
584,2
585,4
586,1
587,0
588,1
589,1
590,3
591,0
592,2
593,2
594,2
595,1
596,1
597,4
598,1
599,0
600,1
601,4
602,1
603,2
604,2
605,3
606,3
607,0
608,0
609,0
610,1
611,1
612,3
613,1
614,0
615,3
616,1
617,0
618,4
619,1
620,0
621,0
622,4
623,0
624,3
625,1
626,1
627,0
628,0
629,4
630,4
631,3
632,4
633,3
634,1
635,1
636,0
637,4
638,1
639,0
640,2
641,2
642,1
643,0
644,1
645,0
646,4
647,1
648,4
649,2
650,2
651,2
652,0
653,1
654,4
655,2
656,3
657,2
658,2
659,3
660,2
661,3
662,2
663,3
664,4
665,4
666,0
667,4
668,1
669,2
670,1
671,3
672,1
673,2
674,1
675,3
676,3
677,1
678,3
679,1
680,1
681,4
682,0
683,1
684,1
685,0
686,1
687,3
688,1
689,1
690,1
691,2
692,1
693,2
694,3
695,1
696,3
697,2
698,2
699,4
700,0
701,3
702,3
703,4
704,1
705,3
706,2
707,1
708,1
709,1
710,1
711,3
712,2
713,2
714,0
715,1
716,2
717,3
718,2
719,3
720,0
721,3
722,4
723,4
724,2
725,1
726,3
727,3
728,3
729,1
730,1
731,0
732,1
733,0
734,2
735,3
736,3
737,2
738,1
739,1
740,2
741,0
742,4
743,4
744,2
745,1
746,1
747,1
748,2
749,1
750,0
751,4
752,1
753,3
754,0
755,2
756,2
757,2
758,0
759,1
760,1
761,1
762,3
763,0
764,4
765,0
766,3
767,1
768,1
769,1
770,0
771,2
772,1
773,0
774,1
775,3
776,1
777,1
778,1
779,1
780,2
781,1
782,2
783,4
784,1
785,1
786,4
787,2
788,4
789,2
790,0
791,0
792,2
793,3
794,1
795,4
796,3
797,1
798,0
799,1
800,4
801,1
802,1
803,2
804,1
805,2
806,0
807,2
808,0
809,2
810,4
811,0
812,1
813,1
814,2
815,1
816,1
817,0
818,1
819,0
820,2
821,1
822,4
823,1
824,3
825,1
826,3
827,1
828,2
829,4
830,4
831,1
832,4
833,1
834,3
835,0
836,1
837,1
838,3
839,0
840,1
841,2
842,1
843,0
844,2
845,3
846,0
847,1
848,1
849,4
850,1
851,1
852,3
853,2
854,3
855,1
856,0
857,2
858,0
859,1
860,2
861,1
862,3
863,1
864,0
865,0
866,2
867,3
868,1
869,1
870,0
871,0
872,3
873,2
874,2
875,0
876,2
877,2
878,2
879,1
880,1
881,1
882,0
883,1
884,3
885,3
886,1
887,1
888,3
889,1
890,3
891,1
892,2
893,1
894,1
895,4
896,1
897,0
898,1
899,0
900,1
901,0
902,1
903,3
904,0
905,1
906,0
907,2
908,1
909,2
910,2
911,2
912,0
913,4
914,2
915,1
916,1
917,1
918,1
919,1
920,4
921,0
922,0
923,1
924,0
925,0
926,3
927,1
928,2
929,1
930,1
931,4
932,1
933,3
934,3
935,4
936,0
937,3
938,3
939,3
940,2
941,3
942,2
943,2
944,0
945,1
946,2
947,0
948,1
949,2
950,3
951,0
952,0
953,2
954,0
955,1
956,2
957,2
958,2
959,0
960,1
961,0
962,1
963,2
964,0
965,0
966,4
967,4
968,3
969,2
970,0
971,1
972,4
973,1
974,2
975,4
976,2
977,1
978,4
979,4
980,1
981,2
982,1
983,0
984,4
985,1
986,1
987,3
988,3
989,0
990,3
991,3
992,0
993,1
994,1
995,4
996,1
997,1
998,3
999,1
1000,1
1001,3
1002,1
1003,3
1004,1
1005,1
1006,1
1007,3
1008,1
1009,4
1010,3
1011,4
1012,2
1013,3
1014,2
1015,3
1016,2
1017,3
1018,2
1019,0
1020,1
1021,1
1022,4
1023,1
1024,4
1025,3
1026,0
1027,4
1028,1
1029,3
1030,4
1031,2
1032,1
1033,3
1034,1
1035,3
1036,0
1037,1
1038,1
1039,4
1040,1
1041,1
1042,1
1043,0
1044,0
1045,3
1046,3
1047,1
1048,4
1049,2
1050,2
1051,3
1052,4
1053,0
1054,2
1055,1
1056,0
1057,1
1058,1
1059,1
1060,3
1061,2
1062,1
1063,3
1064,0
1065,0
1066,1
1067,1
1068,1
1069,1
1070,0
1071,1
1072,0
1073,3
1074,2
1075,3
1076,1
1077,4
1078,0
1079,1
1080,1
1081,2
1082,4
1083,4
1084,3
1085,4
1086,0
1087,3
1088,2
1089,1
1090,1
1091,3
1092,3
1093,2
1094,3
1095,1
1096,2
1097,1
1098,2
1099,4
1100,0
1101,0
1102,1
1103,0
1104,2
1105,4
1106,4
1107,1
1108,4
1109,4
1110,2
1111,4
1112,4
1113,2
1114,3
1115,1
1116,4
1117,3
1118,2
1119,4
1120,1
1121,4
1122,4
1123,2
1124,3
1125,3
1126,1
1127,1
1128,0
1129,1
1130,0
1131,4
1132,1
1133,1
1134,0
1135,3
1136,2
1137,0
1138,2
1139,4
1140,1
1141,1
1142,1
1143,2
1144,0
1145,4
1146,1
1147,0
1148,0
1149,4
1150,0
1151,1
1152,0
1153,4
1154,4
1155,1
1156,1
1157,2
1158,2
1159,1
1160,3
1161,0
1162,1
1163,3
1164,1
1165,3
1166,3
1167,0
1168,1
1169,1
1170,0
1171,4
1172,2
1173,4
1174,3
1175,1
1176,0
1177,2
1178,0
1179,0
1180,1
1181,0
1182,2
1183,4
1184,2
1185,0
1186,2
1187,0
1188,2
1189,1
1190,1
1191,1
1192,1
1193,1
1194,1
1195,2
1196,4
1197,1
1198,1
1199,0
1200,3
1201,1
1202,1
1203,4
1204,4
1205,3
1206,1
1207,3
1208,1
1209,0
1210,1
1211,4
1212,0
1213,3
1214,3
1215,4
1216,1
1217,2
1218,2
1219,0
1220,0
1221,0
1222,2
1223,1
1224,1
1225,4
1226,3
1227,3
1228,0
1229,1
1230,2
1231,2
1232,2
1233,0
1234,1
1235,1
1236,4
1237,4
1238,2
1239,1
1240,0
1241,1
1242,1
1243,1
1244,1
1245,2
1246,2
1247,1
1248,3
1249,3
1250,0
1251,4
1252,1
1253,0
1254,1
1255,4
1256,1
1257,3
1258,0
1259,1
1260,4
1261,1
1262,2
1263,1
1264,3
1265,1
1266,1
1267,0
1268,1
1269,2
1270,1
1271,4
1272,1
1273,2
1274,1
1275,0
1276,3
1277,3
1278,0
1279,4
1280,1
1281,1
1282,0
1283,4
1284,4
1285,1
1286,1
1287,0
1288,2
1289,2
1290,3
1291,1
1292,2
1293,2
1294,1
1295,0
1296,1
1297,1
1298,1
1299,4
1300,1
1301,1
1302,2
1303,1
1304,4
1305,1
1306,0
1307,0
1308,0
1309,4
1310,3
1311,4
1312,2
1313,2
1314,3
1315,3
1316,0
1317,4
1318,0
1319,4
1320,2
1321,1
1322,4
1323,2
1324,1
1325,3
1326,1
1327,4
1328,4
1329,1
1330,1
1331,0
1332,4
1333,3
1334,1
1335,1
1336,4
1337,2
1338,4
1339,1
1340,1
1341,0
1342,3
1343,3
1344,4
1345,0
1346,0
1347,4
1348,4
1349,3
1350,3
1351,1
1352,1
1353,4
1354,1
1355,1
1356,2
1357,4
1358,2
1359,1
1360,1
1361,1
1362,3
1363,3
1364,2
1365,3
1366,3
1367,1
1368,3
1369,3
1370,1
1371,3
1372,2
1373,0
1374,1
1375,0
1376,3
1377,2
1378,1
1379,1
1380,1
1381,3
1382,1
1383,1
1384,1
1385,1
1386,3
1387,0
1388,1
1389,3
1390,2
1391,2
1392,4
1393,0
1394,1
1395,1
1396,2
1397,4
1398,0
1399,1
1400,0
1401,2
1402,2
1403,1
1404,0
1405,1
1406,1
1407,1
1408,3
1409,4
1410,2
1411,1
1412,2
1413,1
1414,4
1415,2
1416,1
1417,0
1418,1
1419,0
1420,1
1421,2
1422,3
1423,2
1424,0
1425,1
1426,3
1427,0
1428,1
1429,0
1430,1
1431,4
1432,1
1433,1
1434,2
1435,1
1436,1
1437,3
1438,3
1439,4
1440,0
1441,1
1442,0
1443,4
1444,1
1445,3
1446,2
1447,2
1448,3
1449,3
1450,1
1451,2
1452,4
1453,3
1454,1
1455,3
1456,0
1457,4
1458,4
1459,0
1460,3
1461,1
1462,1
1463,1
1464,3
1465,1
1466,0
1467,1
1468,2
1469,1
1470,2
1471,1
1472,4
1473,1
1474,2
1475,2
1476,2
1477,3
1478,2
1479,1
1480,1
1481,2
1482,2
1483,1
1484,1
1485,0
1486,1
1487,3
1488,1
1489,4
1490,4
1491,3
1492,1
1493,3
1494,3
1495,1
1496,1
1497,1
1498,4
1499,2
1500,4
1501,1
1502,3
1503,0
1504,4
1505,0
1506,0
1507,1
1508,2
1509,4
1510,1
1511,0
1512,1
1513,3
1514,3
1515,1
1516,2
1517,1
1518,0
1519,1
1520,0
1521,0
1522,3
1523,4
1524,1
1525,1
1526,3
1527,0
1528,1
1529,4
1530,2
1531,1
1532,1
1533,2
1534,3
1535,3
1536,3
1537,3
1538,1
1539,2
1540,0
1541,4
1542,2
1543,4
1544,3
1545,2
1546,1
1547,4
1548,0
1549,0
1550,1
1551,1
1552,0
1553,3
1554,3
1555,2
1556,1
1557,0
1558,1
1559,2
1560,3
1561,4
1562,1
1563,2
1564,4
1565,4
1566,2
1567,3
1568,2
1569,3
1570,1
1571,1
1572,4
1573,1
1574,1
1575,1
1576,1
1577,4
1578,1
1579,0
1580,1
1581,3
1582,0
1583,0
1584,1
1585,0
1586,1
1587,3
1588,4
1589,0
1590,0
1591,4
1592,4
1593,0
1594,1
1595,2
1596,1
1597,1
1598,1
1599,1
1600,2
1601,3
1602,2
1603,2
1604,3
1605,1
1606,1
1607,2
1608,4
1609,1
1610,0
1611,4
1612,1
1613,4
1614,0
1615,2
1616,2
1617,4
1618,0
1619,2
1620,2
1621,3
1622,4
1623,4
1624,1
1625,3
1626,1
1627,1
1628,0
1629,4
1630,0
1631,2
1632,3
1633,0
1634,3
1635,1
1636,1
1637,0
1638,4
1639,3
1640,1
1641,2
1642,4
1643,2
1644,0
1645,0
1646,1
1647,1
1648,1
1649,1
1650,2
1651,4
1652,1
1653,0
1654,3
1655,1
1656,0
1657,1
1658,1
1659,4
1660,0
1661,3
1662,4
1663,3
1664,3
1665,1
1666,1
1667,-1
1668,2
1669,4
1670,3
1671,2
1672,0
1673,3
1674,1
1675,2
1676,3
1677,3
1678,3
1679,1
1680,1
1681,1
1682,3
1683,0
1684,2
1685,1
1686,2
1687,2
1688,3
1689,4
1690,1
1691,0
1692,4
1693,2
1694,0
1695,0
1696,1
1697,1
1698,0
1699,3
1700,1
1701,1
1702,2
1703,3
1704,2
1705,2
1706,1
1707,1
1708,1
1709,3
1710,0
1711,3
1712,4
1713,4
1714,1
1715,4
1716,1
1717,2
1718,2
1719,4
1720,3
1721,2
1722,1
1723,3
1724,2
1725,3
1726,3
1727,4
1728,2
1729,2
1730,4
1731,1
1732,1
1733,1
1734,1
1735,1
1736,3
1737,0
1738,4
1739,1
1740,3
1741,1
1742,0
1743,0
1744,1
1745,0
1746,3
1747,1
1748,0
1749,4
1750,4
1751,0
1752,1
1753,3
1754,3
1755,4
1756,1
1757,3
1758,1
1759,2
1760,3
1761,0
1762,1
1763,2
1764,1
1765,1
1766,3
1767,0
1768,2
1769,1
1770,1
1771,3
1772,2
1773,1
1774,1
1775,0
1776,1
1777,3
1778,3
1779,3
1780,4
1781,1
1782,4
1783,1
1784,4
1785,3
1786,3
1787,1
1788,3
1789,0
1790,1
1791,4
1792,1
1793,3
1794,0
1795,2
1796,0
1797,3
1798,0
1799,1
1800,1
1801,2
1802,2
1803,0
1804,2
1805,1
1806,1
1807,1
1808,1
1809,3
1810,1
1811,4
1812,1
1813,0
1814,1
1815,1
1816,4
1817,4
1818,1
1819,1
1820,0
1821,1
1822,4
1823,1
1824,3
1825,4
1826,1
1827,1
1828,1
1829,3
1830,1
1831,3
1832,1
1833,3
1834,4
1835,2
1836,1
1837,2
1838,2
1839,1
1840,3
1841,0
1842,2
1843,2
1844,3
1845,1
1846,1
1847,0
1848,0
1849,1
1850,0
1851,1
1852,2
1853,0
1854,2
1855,1
1856,4
1857,2
1858,4
1859,0
1860,3
1861,4
1862,1
1863,2
1864,3
1865,1
1866,0
1867,3
1868,1
1869,1
1870,1
1871,2
1872,4
1873,0
1874,1
1875,4
1876,4
1877,2
1878,3
1879,1
1880,4
1881,0
1882,0
1883,3
1884,1
1885,1
1886,1
1887,3
1888,4
1889,2
1890,3
1891,1
1892,0
1893,4
1894,1
1895,1
1896,2
1897,0
1898,3
1899,0
1900,2
1901,3
1902,1
1903,3
1904,3
1905,2
1906,3
1907,2
1908,4
1909,1
1910,4
1911,0
1912,4
1913,0
1914,3
1915,1
1916,4
1917,1
1918,3
1919,1
1920,0
1921,4
1922,3
1923,2
1924,0
1925,4
1926,0
1927,4
1928,1
1929,4
1930,0
1931,1
1932,2
1933,1
1934,4
1935,3
1936,1
1937,1
1938,1
1939,1
1940,1
1941,2
1942,1
1943,1
1944,0
1945,1
1946,2
1947,0
1948,0
1949,4
1950,4
1951,3
1952,1
1953,4
1954,1
1955,4
1956,1
1957,1
1958,4
1959,3
1960,1
1961,0
1962,4
1963,1
1964,2
1965,0
1966,2
1967,2
1968,0
1969,0
1970,4
1971,2
1972,3
1973,3
1974,0
1975,1
1976,3
1977,2
1978,1
1979,2
1980,1
1981,1
1982,1
1983,2
1984,1
1985,1
1986,1
1987,3
1988,1
1989,0
1990,1
1991,1
1992,4
1993,4
1994,4
1995,4
1996,0
1997,0
1998,2
1999,1
2000,0
2001,0
2002,1
2003,1
2004,1
2005,1
2006,4
2007,4
2008,1
2009,4
2010,1
2011,1
2012,1
2013,3
2014,0
2015,1
2016,0
2017,3
2018,3
2019,4
2020,1
2021,3
2022,4
2023,0
2024,2
2025,4
2026,2
2027,4
2028,1
2029,4
2030,3
2031,2
2032,3
2033,1
2034,1
2035,4
2036,0
2037,1
2038,2
2039,1
2040,2
2041,1
2042,0
2043,4
2044,0
2045,4
2046,3
2047,3
2048,3
2049,0
2050,3
2051,4
2052,0
2053,3
2054,4
2055,3
2056,1
2057,3
2058,3
2059,3
2060,1
2061,3
2062,3
2063,1
2064,3
2065,1
2066,1
2067,0
2068,2
2069,0
2070,0
2071,0
2072,2
2073,1
2074,1
2075,4
2076,3
2077,3
2078,4
2079,3
2080,1
2081,2
2082,1
2083,0
2084,2
2085,0
2086,4
2087,1
2088,1
2089,2
2090,2
2091,0
2092,2
2093,0
2094,1
2095,1
2096,0
2097,3
2098,0
2099,4
2100,0
2101,2
2102,0
2103,3
2104,3
2105,0
2106,4
2107,0
2108,3
2109,0
2110,1
2111,2
2112,3
2113,2
2114,2
2115,3
2116,3
2117,2
2118,1
2119,3
2120,2
2121,0
2122,4
2123,2
2124,2
2125,1
2126,0
2127,3
2128,2
2129,4
2130,3
2131,4
2132,2
2133,0
2134,0
2135,1
2136,1
2137,0
2138,1
2139,1
2140,1
2141,0
2142,3
2143,3
2144,2
2145,0
2146,0
2147,3
2148,3
2149,2
2150,4
2151,1
2152,4
2153,3
2154,1
2155,2
2156,4
2157,4
2158,0
2159,2
2160,1
2161,1
2162,4
2163,4
2164,4
2165,3
2166,1
2167,2
2168,4
2169,1
2170,4
2171,3
2172,0
2173,1
2174,1
2175,0
2176,2
2177,0
2178,1
2179,4
2180,0
2181,0
2182,1
2183,4
2184,3
2185,1
2186,1
2187,3
2188,0
2189,1
2190,4
2191,1
2192,0
2193,4
2194,3
2195,0
2196,4
2197,4
2198,1
2199,1
2200,4
2201,4
2202,4
2203,1
2204,0
2205,4
2206,2
2207,1
2208,3
2209,3
2210,0
2211,2
2212,1
2213,0
2214,1
2215,1
2216,0
2217,1
2218,2
2219,2
2220,1
2221,1
2222,1
2223,2
2224,2
2225,0
2226,1
2227,1
2228,1
2229,3
2230,4
2231,1
2232,3
2233,1
2234,1
2235,4
2236,1
2237,1
2238,1
2239,1
2240,2
2241,2
2242,3
2243,1
2244,1
2245,1
2246,2
2247,0
2248,4
2249,0
2250,0
2251,1
2252,1
2253,2
2254,4
2255,0
2256,1
2257,4
2258,1
2259,3
2260,1
2261,1
2262,4
2263,1
2264,1
2265,0
2266,3
2267,4
2268,3
2269,1
2270,2
2271,4
2272,1
2273,3
2274,4
2275,0
2276,1
2277,3
2278,2
2279,2
2280,1
2281,0
2282,0
2283,1
2284,2
2285,4
2286,0
2287,1
2288,3
2289,1
2290,4
2291,3
2292,1
2293,1
2294,3
2295,3
2296,0
2297,0
2298,2
2299,1
2300,3
2301,2
2302,1
2303,1
2304,1
2305,3
2306,2
2307,1
2308,3
2309,2
2310,2
2311,1
2312,1
2313,1
2314,1
2315,2
2316,0
2317,3
2318,0
2319,3
2320,1
2321,1
2322,1
2323,1
2324,4
2325,0
2326,3
2327,2
2328,3
2329,4
2330,4
2331,2
2332,0
2333,1
2334,1
2335,1
2336,1
2337,2
2338,2
2339,3
2340,4
2341,1
2342,0
2343,1
2344,1
2345,2
2346,0
2347,2
2348,0
2349,1
2350,2
2351,1
2352,2
2353,1
2354,1
2355,3
2356,1
2357,0
2358,2
2359,0
2360,4
2361,3
2362,1
2363,3
2364,2
2365,3
2366,3
2367,0
2368,0
2369,2
2370,2
2371,4
2372,1
2373,1
2374,0
2375,1
2376,4
2377,2
2378,4
2379,0
2380,2
2381,3
2382,1
2383,3
2384,3
2385,0
2386,1
2387,1
2388,1
2389,1
2390,0
2391,0
2392,4
2393,4
2394,3
2395,1
2396,1
2397,3
2398,4
2399,1
2400,2
2401,3
2402,1
2403,1
2404,4
2405,4
2406,3
2407,4
2408,2
2409,4
2410,1
2411,0
2412,1
2413,1
2414,1
2415,1
2416,1
2417,1
2418,2
2419,0
2420,3
2421,1
2422,4
2423,1
2424,1
2425,2
2426,3
2427,1
2428,4
2429,0
2430,3
2431,1
2432,0
2433,4
2434,2
2435,2
2436,1
2437,0
2438,2
2439,1
2440,0
2441,3
2442,0
2443,4
2444,3
2445,3
2446,1
2447,1
2448,3
2449,4
2450,1
2451,2
2452,3
2453,1
2454,1
2455,4
2456,0
2457,0
2458,3
2459,2
2460,2
2461,2
2462,2
2463,0
2464,3
2465,1
2466,1
2467,1
2468,1
2469,4
2470,2
2471,1
2472,2
2473,4
2474,3
2475,1
2476,1
2477,2
2478,1
2479,0
2480,1
2481,1
2482,2
2483,1
2484,1
2485,1
2486,1
2487,3
2488,4
2489,1
2490,3
2491,0
2492,1
2493,4
2494,1
2495,1
2496,1
2497,0
2498,1
2499,4
2500,1
2501,1
2502,3
2503,2
2504,0
2505,1
2506,3
2507,2
2508,0
2509,1
2510,0
2511,0
2512,1
2513,2
2514,0
2515,0
2516,3
2517,4
2518,4
2519,3
2520,4
2521,1
2522,3
2523,1
2524,4
2525,4
2526,0
2527,4
2528,0
2529,1
2530,3
2531,2
2532,2
2533,0
2534,4
2535,2
2536,4
2537,1
2538,1
2539,2
2540,0
2541,4
2542,2
2543,0
2544,1
2545,0
2546,1
2547,4
2548,1
2549,3
2550,4
2551,4
2552,2
2553,1
2554,4
2555,1
2556,1
2557,1
2558,2
2559,1
2560,0
2561,1
2562,1
2563,4
2564,0
2565,2
2566,0
2567,1
2568,3
2569,0
2570,2
2571,3
2572,3
2573,2
2574,2
2575,4
2576,4
2577,4
2578,1
2579,2
2580,1
2581,3
2582,3
2583,0
2584,1
2585,1
2586,3
2587,0
2588,0
2589,3
2590,4
2591,1
2592,1
2593,1
2594,1
2595,0
2596,0
2597,2
2598,0
2599,1
2600,2
2601,2
2602,1
2603,2
2604,0
2605,2
2606,4
2607,4
2608,3
2609,0
2610,3
2611,3
2612,4
2613,1
2614,1
2615,2
2616,2
2617,3
2618,2
2619,3
2620,2
2621,0
2622,3
2623,4
2624,3
2625,0
2626,1
2627,4
2628,2
2629,4
2630,3
2631,3
2632,3
2633,1
2634,3
2635,3
2636,3
2637,1
2638,3
2639,0
2640,4
2641,1
2642,1
2643,0
2644,1
2645,1
2646,4
2647,2
2648,0
2649,2
2650,1
2651,1
2652,4
2653,0
2654,3
2655,1
2656,0
2657,1
2658,3
2659,3
2660,3
2661,2
2662,4
2663,1
2664,4
2665,2
2666,0
2667,2
2668,3
2669,4
2670,0
2671,3
2672,0
2673,0
2674,3
2675,1
2676,2
2677,1
2678,2
2679,3
2680,0
2681,3
2682,3
2683,1
2684,1
2685,1
2686,3
2687,0
2688,1
2689,1
2690,1
2691,2
2692,0
2693,4
2694,1
2695,1
2696,4
2697,1
2698,1
2699,4
2700,0
2701,3
2702,0
2703,1
2704,1
2705,2
2706,4
2707,3
2708,4
2709,4
2710,4
2711,1
2712,4
2713,4
2714,1
2715,4
2716,1
2717,0
2718,1
2719,0
2720,0
2721,1
2722,4
2723,1
2724,1
2725,0
2726,0
2727,2
2728,1
2729,1
2730,3
2731,0
2732,1
2733,4
2734,3
2735,1
2736,0
2737,1
2738,3
2739,4
2740,4
2741,4
2742,1
2743,1
2744,1
2745,1
2746,3
2747,1
2748,3
2749,4
2750,3
2751,1
2752,4
2753,1
2754,1
2755,2
2756,4
2757,1
2758,3
2759,2
2760,3
2761,3
2762,1
2763,1
2764,3
2765,1
2766,0
2767,2
2768,2
2769,2
2770,1
2771,1
2772,4
2773,0
2774,3
2775,4
2776,4
2777,1
2778,2
2779,1
2780,0
2781,1
2782,3
2783,1
2784,1
2785,3
2786,3
2787,4
2788,1
2789,3
2790,0
2791,4
2792,0
2793,1
2794,2
2795,0
2796,3
2797,1
2798,1
2799,1
2800,1
2801,1
2802,0
2803,1
2804,3
2805,2
2806,4
2807,1
2808,0
2809,4
2810,3
2811,1
2812,2
2813,0
2814,1
2815,4
2816,1
2817,4
2818,4
2819,1
2820,1
2821,1
2822,3
2823,4
2824,3
2825,2
2826,2
2827,0
2828,1
2829,1
2830,1
2831,2
2832,2
2833,4
2834,2
2835,1
2836,3
2837,1
2838,2
2839,1
2840,1
2841,1
2842,0
2843,4
2844,3
2845,2
2846,0
2847,3
2848,0
2849,2
2850,4
2851,4
2852,3
2853,1
2854,3
2855,1
2856,1
2857,1
2858,3
2859,1
2860,4
2861,2
2862,1
2863,3
2864,2
2865,0
2866,1
2867,0
2868,1
2869,1
2870,1
2871,3
2872,2
2873,3
2874,1
2875,2
2876,4
2877,1
2878,1
2879,2
2880,0
2881,1
2882,4
2883,1
2884,3
2885,2
2886,1
2887,4
2888,0
2889,0
2890,4
2891,4
2892,4
2893,1
2894,1
2895,3
2896,2
2897,4
2898,2
2899,2
2900,1
2901,0
2902,0
2903,0
2904,1
2905,3
2906,3
2907,4
2908,1
2909,2
2910,3
2911,3
2912,1
2913,1
2914,4
2915,4
2916,3
2917,4
2918,3
2919,2
2920,4
2921,4
2922,0
2923,3
2924,3
2925,1
2926,3
2927,4
2928,1
2929,1
2930,2
2931,1
2932,0
2933,1
2934,3
2935,1
2936,2
2937,3
2938,4
2939,3
2940,1
2941,2
2942,4
2943,2
2944,2
2945,3
2946,2
2947,4
2948,1
2949,1
2950,1
2951,0
2952,4
2953,3
2954,1
2955,3
2956,1
2957,2
2958,3
2959,3
2960,1
2961,1
2962,1
2963,0
2964,1
2965,1
2966,3
2967,3
2968,1
2969,3
2970,1
2971,4
2972,1
2973,1
2974,4
2975,4
2976,4
2977,1
2978,4
2979,0
2980,3
2981,3
2982,0
2983,1
2984,3
2985,4
2986,0
2987,0
2988,3
2989,0
2990,3
2991,1
2992,0
2993,1
2994,2
2995,2
2996,4
2997,1
2998,0
2999,4
3000,0
3001,3
3002,0
3003,0
3004,3
3005,3
3006,2
3007,1
3008,4
3009,2
3010,0
3011,1
3012,1
3013,2
3014,0
3015,0
3016,1
3017,4
3018,1
3019,3
3020,4
3021,2
3022,1
3023,0
3024,4
3025,0
3026,0
3027,1
3028,2
3029,1
3030,4
3031,1
3032,4
3033,3
3034,4
3035,2
3036,0
3037,3
3038,2
3039,1
3040,0
3041,3
3042,2
3043,1
3044,1
3045,1
3046,2
3047,3
3048,3
3049,4
3050,4
3051,3
3052,0
3053,1
3054,1
3055,1
3056,-1
3057,1
3058,3
3059,1
3060,3
3061,3
3062,4
3063,1
3064,4
3065,1
3066,0
3067,1
3068,2
3069,3
3070,0
3071,3
3072,4
3073,3
3074,3
3075,1
3076,1
3077,4
3078,1
3079,2
3080,2
3081,0
3082,0
3083,1
3084,3
3085,3
3086,4
3087,4
3088,0
3089,4
3090,1
3091,1
3092,0
3093,2
3094,0
3095,2
3096,1
3097,1
3098,0
3099,1
3100,0
3101,3
3102,1
3103,1
3104,2
3105,1
3106,1
3107,4
3108,2
3109,4
3110,4
3111,0
3112,2
3113,2
3114,0
3115,1
3116,1
3117,1
3118,1
3119,1
3120,1
3121,3
3122,4
3123,1
3124,0
3125,3
3126,1
3127,0
3128,3
3129,3
3130,1
3131,4
3132,1
3133,1
3134,3
3135,1
3136,3
3137,3
3138,4
3139,1
3140,3
3141,0
3142,3
3143,2
3144,1
3145,3
3146,1
3147,1
3148,2
3149,1
3150,0
3151,3
3152,2
3153,3
3154,1
3155,1
3156,2
3157,4
3158,1
3159,2
3160,3
3161,3
3162,2
3163,0
3164,3
3165,1
3166,4
3167,4
3168,3
3169,4
3170,2
3171,4
3172,4
3173,1
3174,1
3175,1
3176,3
3177,0
3178,0
3179,1
3180,1
3181,0
3182,0
3183,4
3184,1
3185,3
3186,1
3187,1
3188,4
3189,4
3190,1
3191,1
3192,1
3193,0
3194,1
3195,4
3196,3
3197,1
3198,2
3199,0
3200,0
3201,3
3202,1
3203,4
3204,2
3205,1
3206,4
3207,1
3208,1
3209,2
3210,2
3211,0
3212,4
3213,0
3214,2
3215,1
3216,4
3217,4
3218,0
3219,2
3220,3
3221,2
3222,1
3223,2
3224,1
3225,3
3226,4
3227,3
3228,0
3229,3
3230,2
3231,3
3232,2
3233,1
3234,0
3235,4
3236,1
3237,4
3238,1
3239,4
3240,3
3241,3
3242,1
3243,0
3244,2
3245,1
3246,1
3247,1
3248,1
3249,1
3250,2
3251,1
3252,1
3253,0
3254,1
3255,4
3256,0
3257,2
3258,3
3259,0
3260,3
3261,0
3262,1
3263,1
3264,1
3265,3
3266,1
3267,1
3268,2
3269,1
3270,3
3271,1
3272,0
3273,0
3274,0
3275,1
3276,1
3277,2
3278,1
3279,1
3280,1
3281,2
3282,4
3283,0
3284,2
3285,2
3286,1
3287,1
3288,2
3289,4
3290,0
3291,0
3292,3
3293,2
3294,3
3295,4
3296,1
3297,2
3298,3
3299,0
3300,1
3301,0
3302,4
3303,1
3304,1
3305,0
3306,4
3307,1
3308,1
3309,1
3310,0
3311,1
3312,2
3313,1
3314,0
3315,1
3316,0
3317,1
3318,0
3319,4
3320,1
3321,1
3322,4
3323,1
3324,1
3325,4
3326,2
3327,0
3328,3
3329,2
3330,1
3331,4
3332,1
3333,1
3334,3
3335,1
3336,0
3337,4
3338,3
3339,3
3340,1
3341,0
3342,3
3343,3
3344,4
3345,4
3346,1
3347,1
3348,3
3349,3
3350,4
3351,3
3352,4
3353,1
3354,1
3355,1
3356,2
3357,1
3358,2
3359,0
3360,3
3361,1
3362,1
3363,0
3364,0
3365,3
3366,2
3367,1
3368,3
3369,3
3370,1
3371,1
3372,1
3373,1
3374,2
3375,4
3376,2
3377,1
3378,1
3379,2
3380,4
3381,0
3382,1
3383,1
3384,2
3385,3
3386,0
3387,4
3388,0
3389,3
3390,1
3391,0
3392,0
3393,2
3394,3
3395,0
3396,3
3397,2
3398,1
3399,1
3400,1
3401,1
3402,1
3403,1
3404,0
3405,1
3406,1
3407,3
3408,0
3409,4
3410,3
3411,1
3412,1
3413,1
3414,2
3415,1
3416,2
3417,1
3418,4
3419,3
3420,4
3421,1
3422,2
3423,1
3424,4
3425,0
3426,2
3427,3
3428,3
3429,1
3430,4
3431,0
3432,1
3433,4
3434,1
3435,3
3436,2
3437,1
3438,3
3439,2
3440,0
3441,3
3442,4
3443,1
3444,1
3445,2
3446,1
3447,2
3448,4
3449,0
3450,1
3451,0
3452,1
3453,2
3454,3
3455,4
3456,0
3457,4
3458,2
3459,3
3460,1
3461,0
3462,1
3463,0
3464,0
3465,0
3466,4
3467,1
3468,3
3469,4
3470,4
3471,1
3472,4
3473,0
3474,3
3475,2
3476,3
3477,2
3478,1
3479,1
3480,1
3481,0
3482,1
3483,2
3484,1
3485,1
3486,2
3487,2
3488,1
3489,1
3490,1
3491,0
3492,1
3493,1
3494,4
3495,1
3496,0
3497,2
3498,3
3499,1
3500,3
3501,0
3502,1
3503,0
3504,2
3505,2
3506,3
3507,2
3508,3
3509,4
3510,3
3511,4
3512,4
3513,3
3514,4
3515,1
3516,3
3517,2
3518,4
3519,4
3520,2
3521,4
3522,1
3523,3
3524,1
3525,1
3526,2
3527,2
3528,4
3529,1
3530,1
3531,2
3532,2
3533,0
3534,3
3535,2
3536,3
3537,1
3538,2
3539,0
3540,1
3541,4
3542,1
3543,3
3544,0
3545,1
3546,3
3547,3
3548,3
3549,0
3550,1
3551,2
3552,2
3553,3
3554,2
3555,1
3556,3
3557,0
3558,3
3559,1
3560,2
3561,1
3562,3
3563,4
3564,0
3565,3
3566,1
3567,2
3568,0
3569,4
3570,0
3571,0
3572,1
3573,3
3574,3
3575,3
3576,2
3577,0
3578,0
3579,3
3580,1
3581,3
3582,1
3583,0
3584,1
3585,3
3586,3
3587,1
3588,4
3589,0
3590,4
3591,2
3592,0
3593,2
3594,0
3595,3
3596,1
3597,3
3598,4
3599,0
3600,2
3601,1
3602,0
3603,1
3604,0
3605,1
3606,0
3607,0
3608,3
3609,0
3610,3
3611,0
3612,1
3613,3
3614,1
3615,1
3616,1
3617,0
3618,1
3619,3
3620,1
3621,3
3622,4
3623,3
3624,4
3625,0
3626,0
3627,1
3628,2
3629,2
3630,1
3631,1
3632,0
3633,1
3634,4
3635,0
3636,1
3637,1
3638,3
3639,0
3640,1
3641,0
3642,4
3643,0
3644,3
3645,4
3646,2
3647,3
3648,1
3649,4
3650,3
3651,1
3652,0
3653,3
3654,1
3655,0
3656,1
3657,2
3658,1
3659,3
3660,2
3661,1
3662,1
3663,2
3664,1
3665,0
3666,0
3667,4
3668,0
3669,4
3670,1
3671,1
3672,0
3673,2
3674,3
3675,1
3676,1
3677,0
3678,4
3679,2
3680,2
3681,3
3682,2
3683,1
3684,4
3685,1
3686,3
3687,2
3688,3
3689,1
3690,2
3691,1
3692,0
3693,1
3694,2
3695,0
3696,4
3697,4
3698,3
3699,2
3700,0
3701,3
3702,3
3703,1
3704,1
3705,4
3706,4
3707,4
3708,0
3709,3
3710,2
3711,1
3712,0
3713,1
3714,4
3715,0
3716,1
3717,1
3718,3
3719,1
3720,2
3721,2
3722,4
3723,1
3724,0
3725,0
3726,3
3727,2
3728,3
3729,1
3730,2
3731,2
3732,2
3733,2
3734,2
3735,3
3736,1
3737,2
3738,4
3739,2
3740,3
3741,0
3742,0
3743,4
3744,1
3745,0
3746,3
3747,4
3748,3
3749,1
3750,4
3751,3
3752,1
3753,4
3754,1
3755,1
3756,1
3757,3
3758,1
3759,0
3760,2
3761,0
3762,0
3763,3
3764,2
3765,1
3766,3
3767,4
3768,2
3769,4
3770,1
3771,1
3772,2
3773,2
3774,4
3775,1
3776,1
3777,2
3778,0
3779,3
3780,4
3781,1
3782,2
3783,3
3784,4
3785,3
3786,1
3787,3
3788,0
3789,1
3790,2
3791,1
3792,2
3793,1
3794,2
3795,2
3796,3
3797,1
3798,0
3799,0
3800,2
3801,4
3802,0
3803,1
3804,3
3805,2
3806,2
3807,1
3808,4
3809,1
3810,0
3811,2
3812,1
3813,4
3814,1
3815,1
3816,1
3817,1
3818,4
3819,1
3820,4
3821,4
3822,4
3823,0
3824,1
3825,0
3826,1
3827,0
3828,2
3829,1
3830,1
3831,1
3832,4
3833,1
3834,1
3835,2
3836,3
3837,4
3838,1
3839,0
3840,2
3841,0
3842,1
3843,1
3844,1
3845,3
3846,1
3847,2
3848,1
3849,1
3850,2
3851,3
3852,1
3853,1
3854,1
3855,0
3856,4
3857,0
3858,3
3859,1
3860,2
3861,1
3862,2
3863,4
3864,3
3865,3
3866,1
3867,0
3868,0
3869,2
3870,3
3871,1
3872,2
3873,0
3874,1
3875,3
3876,4
3877,2
3878,1
3879,1
3880,3
3881,0
3882,0
3883,4
3884,0
3885,1
3886,4
3887,4
3888,2
3889,1
3890,2
3891,1
3892,0
3893,4
3894,4
3895,4
3896,1
3897,0
3898,0
3899,3
3900,1
3901,1
3902,2
3903,0
3904,2
3905,2
3906,2
3907,1
3908,3
3909,0
3910,1
3911,3
3912,1
3913,0
3914,4
3915,2
3916,1
3917,4
3918,1
3919,0
3920,2
3921,1
3922,3
3923,1
3924,1
3925,0
3926,2
3927,1
3928,4
3929,4
3930,0
3931,1
3932,0
3933,2
3934,4
3935,4
3936,2
3937,4
3938,3
3939,1
3940,0
3941,0
3942,1
3943,0
3944,1
3945,0
3946,2
3947,0
3948,1
3949,2
3950,4
3951,0
3952,4
3953,1
3954,0
3955,1
3956,0
3957,4
3958,1
3959,1
3960,1
3961,4
3962,4
3963,1
3964,2
3965,0
3966,4
3967,0
3968,1
3969,2
3970,0
3971,4
3972,2
3973,0
3974,1
3975,3
3976,4
3977,0
3978,3
3979,2
3980,1
3981,1
3982,2
3983,3
3984,1
3985,4
3986,4
3987,2
3988,2
3989,0
3990,3
3991,0
3992,3
3993,2
3994,4
3995,3
3996,2
3997,3
3998,3
3999,4
4000,2
4001,3
4002,3
4003,2
4004,1
4005,3
4006,0
4007,2
4008,0
4009,1
4010,4
4011,2
4012,3
4013,4
4014,4
4015,3
4016,4
4017,0
4018,2
4019,0
4020,2
4021,0
4022,1
4023,3
4024,0
4025,1
4026,4
4027,1
4028,1
4029,1
4030,1
4031,4
4032,3
4033,3
4034,1
4035,3
4036,0
4037,0
4038,4
4039,1
4040,4
4041,0
4042,2
4043,1
4044,2
4045,1
4046,1
4047,4
4048,4
4049,3
4050,4
4051,2
4052,0
4053,0
4054,3
4055,1
4056,2
4057,2
4058,3
4059,2
4060,0
4061,0
4062,3
4063,3
4064,4
4065,1
4066,1
4067,1
4068,0
4069,1
4070,2
4071,2
4072,1
4073,0
4074,3
4075,0
4076,1
4077,0
4078,3
4079,2
4080,0
4081,1
4082,0
4083,2
4084,2
4085,4
4086,4
4087,1
4088,0
4089,2
4090,3
4091,4
4092,4
4093,0
4094,2
4095,1
4096,3
4097,3
4098,1
4099,3
4100,1
4101,1
4102,4
4103,2
4104,4
4105,0
4106,3
4107,2
4108,3
4109,3
4110,2
4111,4
4112,2
4113,4
4114,4
4115,4
4116,1
4117,1
4118,2
4119,1
4120,3
4121,3
4122,2
4123,0
4124,0
4125,3
4126,1
4127,1
4128,0
4129,0
4130,0
4131,4
4132,3
4133,0
4134,1
4135,0
4136,3
4137,0
4138,1
4139,1
4140,2
4141,0
4142,4
4143,1
4144,1
4145,0
4146,1
4147,2
4148,1
4149,1
4150,1
4151,1
4152,1
4153,0
4154,1
4155,3
4156,1
4157,4
4158,1
4159,2
4160,2
4161,3
4162,3
4163,3
4164,1
4165,1
4166,2
4167,1
4168,3
4169,3
4170,4
4171,2
4172,1
4173,1
4174,4
4175,1
4176,0
4177,1
4178,1
4179,4
4180,4
4181,1
4182,1
4183,1
4184,0
4185,1
4186,3
4187,4
4188,4
4189,1
4190,0
4191,1
4192,4
4193,1
4194,4
4195,2
4196,1
4197,2
4198,1
4199,3
4200,1
4201,3
4202,1
4203,1
4204,2
4205,1
4206,1
4207,0
4208,0
4209,4
4210,4
4211,3
4212,2
4213,2
4214,1
4215,0
4216,1
4217,4
4218,4
4219,1
4220,3
4221,1
4222,1
4223,3
4224,2
4225,4
4226,4
4227,3
4228,1
4229,1
4230,4
4231,4
4232,4
4233,4
4234,2
4235,0
4236,1
4237,0
4238,1
4239,3
4240,3
4241,4
4242,0
4243,3
4244,3
4245,4
4246,1
4247,4
4248,1
4249,1
4250,0
4251,4
4252,0
4253,1
4254,1
4255,2
4256,1
4257,1
4258,1
4259,4
4260,4
4261,3
4262,2
4263,1
4264,0
4265,1
4266,0
4267,0
4268,1
4269,0
4270,3
4271,1
4272,3
4273,3
4274,4
4275,3
4276,3
4277,2
4278,0
4279,0
4280,1
4281,3
4282,2
4283,1
4284,0
4285,1
4286,1
4287,3
4288,4
4289,1
4290,1
4291,2
4292,2
4293,3
4294,0
4295,1
4296,3
4297,2
4298,2
4299,4
4300,2
4301,1
4302,1
4303,4
4304,1
4305,2
4306,1
4307,1
4308,0
4309,1
4310,1
4311,1
4312,2
4313,0
4314,1
4315,1
4316,1
4317,1
4318,4
4319,1
4320,4
4321,2
4322,1
4323,1
4324,1
4325,0
4326,1
4327,2
4328,1
4329,1
4330,2
4331,2
4332,0
4333,3
4334,2
4335,1
4336,3
4337,3
4338,0
4339,3
4340,3
4341,3
4342,3
4343,3
4344,3
4345,3
4346,1
4347,4
4348,0
4349,1
4350,1
4351,0
4352,4
4353,2
4354,3
4355,1
4356,2
4357,0
4358,0
4359,2
4360,4
4361,1
4362,4
4363,2
4364,0
4365,1
4366,3
4367,3
4368,1
4369,3
4370,2
4371,4
4372,2
4373,4
4374,3
4375,1
4376,2
4377,2
4378,0
4379,1
4380,1
4381,4
4382,3
4383,4
4384,2
4385,0
4386,3
4387,2
4388,2
4389,3
4390,4
4391,0
4392,0
4393,1
4394,2
4395,2
4396,1
4397,0
4398,0
4399,0
4400,0
4401,2
4402,3
4403,1
4404,2
4405,3
4406,2
4407,1
4408,2
4409,4
4410,2
4411,4
4412,1
4413,2
4414,2
4415,1
4416,1
4417,1
4418,1
4419,1
4420,0
4421,0
4422,2
4423,3
4424,3
4425,1
4426,1
4427,1
4428,3
4429,1
4430,0
4431,1
4432,2
4433,1
4434,2
4435,0
4436,3
4437,0
4438,3
4439,1
4440,3
4441,1
4442,3
4443,0
4444,3
4445,0
4446,3
4447,0
4448,4
4449,1
4450,2
4451,2
4452,1
4453,3
4454,1
4455,1
4456,1
4457,1
4458,2
4459,1
4460,3
4461,0
4462,0
4463,1
4464,4
4465,2
4466,1
4467,4
4468,1
4469,3
4470,1
4471,2
4472,3
4473,2
4474,4
4475,1
4476,2
4477,1
4478,1
4479,3
4480,0
4481,4
4482,3
4483,2
4484,0
4485,1
4486,1
4487,3
4488,1
4489,3
4490,0
4491,4
4492,0
4493,4
4494,4
4495,0
4496,1
4497,2
4498,2
4499,1
4500,1
4501,4
4502,1
4503,2
4504,0
4505,2
4506,2
4507,0
4508,0
4509,4
4510,4
4511,4
4512,1
4513,4
4514,0
4515,2
4516,1
4517,2
4518,1
4519,1
4520,4
4521,0
4522,0
4523,1
4524,1
4525,1
4526,1
4527,2
4528,2
4529,1
4530,3
4531,2
4532,3
4533,1
4534,1
4535,0
4536,1
4537,2
4538,1
4539,1
4540,4
4541,0
4542,4
4543,1
4544,0
4545,1
4546,2
4547,1
4548,1
4549,4
4550,1
4551,2
4552,1
4553,1
4554,1
4555,0
4556,4
4557,1
4558,0
4559,4
4560,4
4561,1
4562,4
4563,0
4564,3
4565,2
4566,0
4567,0
4568,1
4569,4
4570,4
4571,4
4572,0
4573,1
4574,4
4575,3
4576,4
4577,1
4578,3
4579,2
4580,4
4581,0
4582,3
4583,2
4584,1
4585,4
4586,0
4587,2
4588,1
4589,3
4590,2
4591,1
4592,1
4593,4
4594,3
4595,4
4596,4
4597,0
4598,4
4599,1
4600,1
4601,4
4602,1
4603,2
4604,1
4605,3
4606,4
4607,0
4608,1
4609,3
4610,3
4611,4
4612,0
4613,3
4614,3
4615,1
4616,2
4617,0
4618,0
4619,4
4620,3
4621,2
4622,1
4623,2
4624,0
4625,2
4626,0
4627,1
4628,4
4629,3
4630,2
4631,3
4632,2
4633,0
4634,1
4635,0
4636,1
4637,2
4638,1
4639,1
4640,1
4641,4
4642,1
4643,4
4644,4
4645,0
4646,1
4647,1
4648,1
4649,0
4650,2
4651,4
4652,3
4653,1
4654,1
4655,1
4656,4
4657,1
4658,2
4659,4
4660,2
4661,0
4662,0
4663,3
4664,2
4665,1
4666,2
4667,1
4668,1
4669,1
4670,1
4671,3
4672,4
4673,1
4674,4
4675,4
4676,1
4677,0
4678,1
4679,3
4680,1
4681,1
4682,0
4683,2
4684,1
4685,1
4686,1
4687,1
4688,0
4689,2
4690,0
4691,0
4692,1
4693,4
4694,1
4695,1
4696,4
4697,3
4698,3
4699,1
4700,0
4701,2
4702,1
4703,-1
4704,4
4705,0
4706,1
4707,1
4708,3
4709,1
4710,2
4711,2
4712,4
4713,4
4714,3
4715,0
4716,0
4717,4
4718,1
4719,4
4720,3
4721,0
4722,0
4723,2
4724,1
4725,4
4726,0
4727,2
4728,3
4729,4
4730,2
4731,3
4732,1
4733,4
4734,2
4735,1
4736,1
4737,3
4738,3
4739,0
4740,2
4741,0
4742,3
4743,3
4744,0
4745,0
4746,4
4747,4
4748,0
4749,1
4750,0
4751,2
4752,2
4753,4
4754,2
4755,0
4756,0
4757,0
4758,0
4759,0
4760,2
4761,1
4762,4
4763,2
4764,4
4765,3
4766,0
4767,0
4768,1
4769,1
4770,4
4771,0
4772,1
4773,0
4774,1
4775,1
4776,4
4777,0
4778,4
4779,0
4780,1
4781,0
4782,3
4783,1
4784,4
4785,1
4786,0
4787,4
4788,1
4789,2
4790,4
4791,2
4792,2
4793,3
4794,1
4795,3
4796,1
4797,0
4798,2
4799,1
4800,1
4801,4
4802,4
4803,0
4804,0
4805,0
4806,3
4807,0
4808,1
4809,0
4810,2
4811,4
4812,2
4813,0
4814,2
4815,1
4816,4
4817,4
4818,1
4819,1
4820,3
4821,0
4822,3
4823,4
4824,1
4825,4
4826,1
4827,1
4828,0
4829,4
4830,1
4831,-1
4832,4
4833,1
4834,2
4835,3
4836,1
4837,1
4838,3
4839,1
4840,0
4841,3
4842,2
4843,3
4844,4
4845,0
4846,3
4847,3
4848,0
4849,4
4850,2
4851,3
4852,3
4853,4
4854,1
4855,2
4856,2
4857,0
4858,1
4859,3
4860,2
4861,4
4862,2
4863,0
4864,1
4865,1
4866,0
4867,1
4868,0
4869,0
4870,4
4871,4
4872,2
4873,2
4874,1
4875,2
4876,0
4877,4
4878,4
4879,1
4880,3
4881,2
4882,0
4883,0
4884,1
4885,0
4886,2
4887,2
4888,2
4889,4
4890,2
4891,1
4892,0
4893,4
4894,1
4895,4
4896,1
4897,1
4898,2
4899,1
4900,0
4901,0
4902,3
4903,1
4904,1
4905,1
4906,4
4907,4
4908,1
4909,4
4910,1
4911,3
4912,1
4913,1
4914,2
4915,4
4916,1
4917,4
4918,1
4919,4
4920,0
4921,3
4922,2
4923,3
4924,1
4925,1
4926,2
4927,4
4928,2
4929,1
4930,0
4931,3
4932,2
4933,0
4934,1
4935,1
4936,4
4937,3
4938,4
4939,2
4940,1
4941,4
4942,1
4943,3
4944,3
4945,2
4946,1
4947,4
4948,3
4949,0
4950,4
4951,0
4952,2
4953,2
4954,3
4955,4
4956,0
4957,4
4958,1
4959,2
4960,1
4961,0
4962,3
4963,0
4964,1
4965,4
4966,3
4967,0
4968,2
4969,4
4970,0
4971,4
4972,1
4973,4
4974,4
4975,2
4976,1
4977,0
4978,4
4979,0
4980,4
4981,1
4982,1
4983,2
4984,1
4985,1
4986,1
4987,4
4988,1
4989,4
4990,4
4991,3
4992,2
4993,3
4994,0
4995,2
4996,4
4997,2
4998,4
4999,3
5000,2
5001,1
5002,2
5003,2
5004,1
5005,3
5006,2
5007,1
5008,4
5009,0
5010,1
5011,1
5012,2
5013,3
5014,1
5015,0
5016,2
5017,0
5018,4
5019,4
5020,1
5021,1
5022,2
5023,1
5024,1
5025,1
5026,4
5027,1
5028,0
5029,0
5030,3
5031,1
5032,3
5033,3
5034,1
5035,2
5036,0
5037,1
5038,1
5039,4
5040,2
5041,3
5042,2
5043,0
5044,0
5045,2
5046,2
5047,2
5048,0
5049,1
5050,3
5051,1
5052,1
5053,3
5054,4
5055,2
5056,0
5057,1
5058,2
5059,1
5060,0
5061,2
5062,0
5063,4
5064,1
5065,1
5066,1
5067,3
5068,3
5069,3
5070,3
5071,2
5072,4
5073,1
5074,2
5075,4
5076,3
5077,2
5078,3
5079,2
5080,0
5081,3
5082,4
5083,4
5084,1
5085,0
5086,0
5087,4
5088,2
5089,3
5090,1
5091,4
5092,0
5093,1
5094,0
5095,0
5096,1
5097,4
5098,1
5099,1
5100,1
5101,1
5102,2
5103,1
5104,1
5105,2
5106,2
5107,2
5108,1
5109,1
5110,4
5111,1
5112,1
5113,3
5114,1
5115,0
5116,2
5117,0
5118,4
5119,1
5120,1
5121,1
5122,0
5123,1
5124,3
5125,1
5126,1
5127,0
5128,4
5129,0
5130,2
5131,2
5132,0
5133,1
5134,4
5135,1
5136,1
5137,3
5138,2
5139,1
5140,1
5141,0
5142,1
5143,4
5144,1
5145,1
5146,1
5147,0
5148,1
5149,1
5150,0
5151,1
5152,3
5153,3
5154,4
5155,1
5156,3
5157,1
5158,1
5159,3
5160,1
5161,1
5162,1
5163,1
5164,1
5165,2
5166,0
5167,3
5168,3
5169,3
5170,2
5171,2
5172,4
5173,3
5174,2
5175,4
5176,0
5177,0
5178,4
5179,1
5180,4
5181,1
5182,1
5183,2
5184,1
5185,1
5186,0
5187,0
5188,2
5189,0
5190,3
5191,4
5192,3
5193,1
5194,2
5195,1
5196,2
5197,4
5198,1
5199,3
5200,1
5201,3
5202,3
5203,1
5204,0
5205,2
5206,0
5207,4
5208,0
5209,0
5210,4
5211,1
5212,2
5213,0
5214,4
5215,2
5216,0
5217,0
5218,4
5219,1
5220,1
5221,2
5222,1
5223,4
5224,1
5225,4
5226,3
5227,1
5228,1
5229,1
5230,2
5231,3
5232,2
5233,4
5234,3
5235,3
5236,1
5237,2
5238,0
5239,4
5240,4
5241,1
5242,1
5243,4
5244,2
5245,4
5246,1
5247,4
5248,2
5249,0
5250,3
5251,4
5252,4
5253,2
5254,3
5255,2
5256,0
5257,2
5258,0
5259,3
5260,3
5261,2
5262,1
5263,1
5264,3
5265,0
5266,1
5267,0
5268,2
5269,0
5270,3
5271,1
5272,4
5273,0
5274,1
5275,3
5276,2
5277,0
5278,0
5279,2
5280,2
5281,1
5282,2
5283,1
5284,2
5285,1
5286,3
5287,0
5288,0
5289,3
5290,4
5291,2
5292,3
5293,3
5294,0
5295,1
5296,3
5297,1
5298,2
5299,1
5300,3
5301,1
5302,1
5303,3
5304,0
5305,4
5306,1
5307,4
5308,4
5309,3
5310,1
5311,2
5312,1
5313,1
5314,4
5315,2
5316,1
5317,1
5318,1
5319,2
5320,3
5321,1
5322,1
5323,4
5324,4
5325,1
5326,0
5327,1
5328,1
5329,0
5330,2
5331,1
5332,1
5333,1
5334,2
5335,2
5336,1
5337,2
5338,3
5339,3
5340,1
5341,2
5342,3
5343,4
5344,3
5345,4
5346,4
5347,1
5348,3
5349,0
5350,3
5351,4
5352,1
5353,3
5354,1
5355,2
5356,1
5357,2
5358,0
5359,0
5360,3
5361,1
5362,0
5363,3
5364,1
5365,1
5366,3
5367,4
5368,4
5369,1
5370,1
5371,1
5372,2
5373,4
5374,1
5375,4
5376,2
5377,1
5378,4
5379,2
5380,4
5381,1
5382,3
5383,1
5384,2
5385,4
5386,1
5387,3
5388,1
5389,2
5390,3
5391,4
5392,0
5393,3
5394,1
5395,1
5396,3
5397,4
5398,4
5399,0
5400,3
5401,0
5402,1
5403,0
5404,2
5405,2
5406,1
5407,3
5408,1
5409,4
5410,4
5411,3
5412,1
5413,0
5414,1
5415,2
5416,0
5417,4
5418,0
5419,1
5420,2
5421,4
5422,4
5423,2
5424,0
5425,0
5426,0
5427,1
5428,0
5429,3
5430,3
5431,3
5432,4
5433,1
5434,2
5435,0
5436,2
5437,2
5438,2
5439,4
5440,2
5441,3
5442,4
5443,4
5444,3
5445,1
5446,0
5447,1
5448,1
5449,1
5450,1
5451,1
5452,1
5453,4
5454,1
5455,1
5456,1
5457,1
5458,0
5459,1
5460,0
5461,1
5462,3
5463,2
5464,2
5465,1
5466,0
5467,2
5468,1
5469,3
5470,2
5471,3
5472,1
5473,1
5474,3
5475,1
5476,0
5477,4
5478,3
5479,3
5480,4
5481,2
5482,1
5483,4
5484,0
5485,1
5486,3
5487,1
5488,3
5489,2
5490,1
5491,3
5492,1
5493,2
5494,0
5495,1
5496,4
5497,1
5498,4
5499,3
5500,4
5501,3
5502,2
5503,1
5504,0
5505,0
5506,0
5507,2
5508,4
5509,4
5510,0
5511,4
5512,1
5513,1
5514,2
5515,2
5516,1
5517,1
5518,1
5519,4
5520,4
5521,0
5522,1
5523,1
5524,2
5525,0
5526,1
5527,0
5528,2
5529,4
5530,1
5531,3
5532,3
5533,4
5534,1
5535,3
5536,1
5537,0
5538,4
5539,0
5540,3
5541,1
5542,0
5543,0
5544,1
5545,2
5546,4
5547,3
5548,3
5549,3
5550,3
5551,1
5552,0
5553,1
5554,4
5555,2
5556,1
5557,2
5558,3
5559,4
5560,2
5561,1
5562,1
5563,4
5564,4
5565,4
5566,4
5567,1
5568,2
5569,2
5570,4
5571,1
5572,0
5573,0
5574,1
5575,0
5576,1
5577,3
5578,1
5579,1
5580,2
5581,2
5582,1
5583,4
5584,2
5585,3
5586,4
5587,4
5588,1
5589,2
5590,3
5591,3
5592,1
5593,1
5594,0
5595,1
5596,1
5597,1
5598,4
5599,0
5600,0
5601,2
5602,3
5603,4
5604,1
5605,1
5606,4
5607,1
5608,4
5609,2
5610,2
5611,0
5612,3
5613,2
5614,2
5615,0
5616,1
5617,1
5618,2
5619,1
5620,1
5621,1
5622,4
5623,4
5624,1
5625,0
5626,0
5627,2
5628,2
5629,2
5630,2
5631,1
5632,4
5633,1
5634,2
5635,2
5636,2
5637,1
5638,2
5639,1
5640,1
5641,3
5642,3
5643,3
5644,1
5645,1
5646,2
5647,1
5648,1
5649,0
5650,2
5651,1
5652,1
5653,1
5654,3
5655,0
5656,1
5657,4
5658,0
5659,3
5660,4
5661,3
5662,1
5663,0
5664,0
5665,4
5666,3
5667,4
5668,1
5669,0
5670,1
5671,1
5672,3
5673,0
5674,1
5675,4
5676,4
5677,0
5678,1
5679,0
5680,1
5681,4
5682,2
5683,2
5684,0
5685,3
5686,2
5687,0
5688,2
5689,2
5690,2
5691,3
5692,1
5693,1
5694,0
5695,1
5696,2
5697,3
5698,1
5699,3
5700,4
5701,0
5702,3
5703,4
5704,1
5705,3
5706,3
5707,2
5708,4
5709,0
5710,4
5711,4
5712,1
5713,0
5714,1
5715,3
5716,0
5717,3
5718,1
5719,0
5720,3
5721,2
5722,2
5723,1
5724,3
5725,1
5726,3
5727,3
5728,1
5729,1
5730,1
5731,1
5732,1
5733,3
5734,3
5735,0
5736,1
5737,1
5738,2
5739,1
5740,1
5741,2
5742,4
5743,3
5744,4
5745,1
5746,4
5747,2
5748,1
5749,2
5750,0
5751,0
5752,1
5753,3
5754,3
5755,2
5756,1
5757,2
5758,3
5759,1
5760,3
5761,1
5762,4
5763,1
5764,1
5765,4
5766,4
5767,1
5768,3
5769,1
5770,2
5771,3
5772,2
5773,4
5774,3
5775,4
5776,1
5777,1
5778,1
5779,3
5780,1
5781,2
5782,2
5783,2
5784,1
5785,3
5786,3
5787,1
5788,0
5789,1
5790,2
5791,1
5792,2
5793,4
5794,3
5795,0
5796,1
5797,4
5798,2
5799,1
5800,0
5801,0
5802,0
5803,2
5804,1
5805,2
5806,1
5807,3
5808,0
5809,0
5810,4
5811,1
5812,0
5813,1
5814,0
5815,3
5816,1
5817,1
5818,1
5819,4
5820,1
5821,0
5822,3
5823,4
5824,1
5825,2
5826,3
5827,4
5828,2
5829,3
5830,1
5831,0
5832,4
5833,1
5834,1
5835,2
5836,1
5837,1
5838,4
5839,0
5840,1
5841,1
5842,3
5843,1
5844,2
5845,0
5846,2
5847,2
5848,2
5849,1
5850,2
5851,3
5852,1
5853,3
5854,1
5855,2
5856,0
5857,3
5858,2
5859,0
5860,3
5861,4
5862,3
5863,1
5864,4
5865,4
5866,4
5867,1
5868,1
5869,4
5870,4
5871,0
5872,4
5873,4
5874,0
5875,1
5876,4
5877,3
5878,1
5879,3
5880,1
5881,3
5882,2
5883,4
5884,3
5885,3
5886,2
5887,3
5888,1
5889,1
5890,1
5891,1
5892,0
5893,0
5894,0
5895,1
5896,2
5897,1
5898,1
5899,1
5900,1
5901,4
5902,1
5903,4
5904,1
5905,2
5906,1
5907,4
5908,4
5909,3
5910,2
5911,2
5912,1
5913,1
5914,0
5915,1
5916,1
5917,0
5918,1
5919,1
5920,0
5921,0
5922,4
5923,0
5924,2
5925,3
5926,4
5927,1
5928,1
5929,1
5930,3
5931,0
5932,0
5933,4
5934,1
5935,4
5936,1
5937,0
5938,0
5939,4
5940,1
5941,4
5942,0
5943,1
5944,2
5945,2
5946,0
5947,1
5948,1
5949,1
5950,1
5951,0
5952,3
5953,4
5954,1
5955,0
5956,2
5957,0
5958,4
5959,3
5960,3
5961,3
5962,1
5963,2
5964,3
5965,2
5966,3
5967,1
5968,1
5969,1
5970,2
5971,0
5972,0
5973,1
5974,2
5975,3
5976,0
5977,0
5978,0
5979,1
5980,1
5981,4
5982,3
5983,1
5984,3
5985,1
5986,2
5987,2
5988,1
5989,2
5990,0
5991,2
5992,0
5993,1
5994,3
5995,0
5996,0
5997,1
5998,0
5999,2
6000,1
6001,1
6002,3
6003,2
6004,1
6005,3
6006,4
6007,1
6008,4
6009,4
6010,4
6011,0
6012,1
6013,4
6014,0
6015,3
6016,1
6017,1
6018,1
6019,4
6020,0
6021,1
6022,2
6023,2
6024,2
6025,2
6026,3
6027,4
6028,1
6029,1
6030,3
6031,3
6032,4
6033,0
6034,3
6035,4
6036,0
6037,1
6038,0
6039,4
6040,4
6041,1
6042,2
6043,3
6044,4
6045,2
6046,3
6047,0
6048,1
6049,4
6050,3
6051,4
6052,2
6053,4
6054,1
6055,2
6056,4
6057,4
6058,4
6059,4
6060,1
6061,1
6062,1
6063,1
6064,0
6065,1
6066,0
6067,0
6068,4
6069,2
6070,2
6071,3
6072,1
6073,1
6074,3
6075,2
6076,2
6077,1
6078,3
6079,1
6080,0
6081,1
6082,1
6083,3
6084,2
6085,2
6086,3
6087,3
6088,1
6089,1
6090,1
6091,1
6092,1
6093,0
6094,4
6095,2
6096,3
6097,2
6098,-1
6099,3
6100,1
6101,0
6102,4
6103,3
6104,1
6105,1
6106,1
6107,3
6108,1
6109,0
6110,0
6111,3
6112,1
6113,0
6114,4
6115,1
6116,1
6117,4
6118,4
6119,3
6120,2
6121,4
6122,1
6123,4
6124,3
6125,4
6126,1
6127,1
6128,1
6129,1
6130,2
6131,1
6132,2
6133,0
6134,3
6135,0
6136,4
6137,1
6138,1
6139,0
6140,1
6141,0
6142,0
6143,3
6144,2
6145,1
6146,2
6147,1
6148,1
6149,1
6150,3
6151,2
6152,1
6153,2
6154,0
6155,2
6156,1
6157,4
6158,4
6159,1
6160,2
6161,0
6162,1
6163,2
6164,0
6165,0
6166,3
6167,3
6168,4
6169,2
6170,1
6171,1
6172,0
6173,1
6174,1
6175,1
6176,1
6177,2
6178,4
6179,4
6180,3
6181,0
6182,2
6183,1
6184,2
6185,0
6186,3
6187,3
6188,2
6189,0
6190,1
6191,3
6192,4
6193,0
6194,1
6195,3
6196,1
6197,3
6198,2
6199,1
6200,4
6201,4
6202,3
6203,1
6204,0
6205,4
6206,2
6207,1
6208,4
6209,3
6210,1
6211,4
6212,1
6213,1
6214,4
6215,3
6216,0
6217,2
6218,2
6219,1
6220,3
6221,0
6222,2
6223,0
6224,3
6225,3
6226,0
6227,0
6228,0
6229,4
6230,4
6231,2
6232,1
6233,1
6234,0
6235,1
6236,0
6237,0
6238,0
6239,2
6240,0
6241,2
6242,4
6243,1
6244,0
6245,1
6246,4
6247,1
6248,1
6249,2
6250,1
6251,1
6252,2
6253,1
6254,1
6255,4
6256,1
6257,1
6258,1
6259,1
6260,2
6261,4
6262,1
6263,3
6264,1
6265,2
6266,4
6267,0
6268,3
6269,1
6270,1
6271,0
6272,1
6273,2
6274,1
6275,1
6276,4
6277,3
6278,1
6279,0
6280,1
6281,1
6282,4
6283,1
6284,4
6285,0
6286,0
6287,1
6288,3
6289,3
6290,2
6291,4
6292,0
6293,2
6294,0
6295,1
6296,1
6297,1
6298,1
6299,4
6300,4
6301,1
6302,0
6303,1
6304,1
6305,3
6306,0
6307,2
6308,1
6309,1
6310,1
6311,3
6312,3
6313,4
6314,3
6315,3
6316,4
6317,0
6318,1
6319,1
6320,0
6321,2
6322,3
6323,1
6324,4
6325,1
6326,3
6327,1
6328,1
6329,1
6330,1
6331,2
6332,4
6333,1
6334,1
6335,1
6336,2
6337,2
6338,1
6339,3
6340,1
6341,0
6342,4
6343,1
6344,1
6345,3
6346,3
6347,0
6348,2
6349,1
6350,2
6351,3
6352,2
6353,2
6354,0
6355,4
6356,0
6357,4
6358,0
6359,2
6360,4
6361,0
6362,1
6363,4
6364,-1
6365,1
6366,2
6367,2
6368,3
6369,3
6370,3
6371,1
6372,2
6373,2
6374,3
6375,2
6376,4
6377,2
6378,0
6379,3
6380,1
6381,1
6382,1
6383,2
6384,4
6385,2
6386,4
6387,2
6388,3
6389,0
6390,3
6391,4
6392,2
6393,1
6394,2
6395,3
6396,0
6397,0
6398,4
6399,-1
6400,1
6401,0
6402,3
6403,2
6404,3
6405,1
6406,2
6407,1
6408,0
6409,2
6410,2
6411,2
6412,0
6413,0
6414,1
6415,1
6416,2
6417,1
6418,2
6419,2
6420,1
6421,0
6422,0
6423,4
6424,4
6425,0
6426,2
6427,1
6428,1
6429,1
6430,1
6431,2
6432,0
6433,2
6434,3
6435,2
6436,4
6437,4
6438,2
6439,3
6440,1
6441,1
6442,4
6443,0
6444,3
6445,3
6446,1
6447,3
6448,0
6449,1
6450,2
6451,4
6452,3
6453,1
6454,3
6455,0
6456,0
6457,1
6458,1
6459,0
6460,4
6461,4
6462,3
6463,4
6464,3
6465,3
6466,1
6467,4
6468,2
6469,3
6470,4
6471,4
6472,1
6473,1
6474,4
6475,3
6476,0
6477,3
6478,1
6479,0
6480,4
6481,0
6482,4
6483,3
6484,0
6485,0
6486,1
6487,3
6488,1
6489,1
6490,1
6491,3
6492,2
6493,1
6494,1
6495,4
6496,1
6497,4
6498,4
6499,0
6500,1
6501,4
6502,2
6503,3
6504,1
6505,0
6506,2
6507,3
6508,2
6509,4
6510,1
6511,0
6512,1
6513,0
6514,1
6515,2
6516,3
6517,1
6518,3
6519,3
6520,3
6521,0
6522,3
6523,4
6524,3
6525,1
6526,0
6527,0
6528,2
6529,2
6530,4
6531,3
6532,0
6533,0
6534,3
6535,1
6536,3
6537,1
6538,2
6539,1
6540,1
6541,0
6542,1
6543,2
6544,3
6545,1
6546,0
6547,2
6548,0
6549,0
6550,2
6551,2
6552,4
6553,2
6554,0
6555,1
6556,2
6557,3
6558,0
6559,1
6560,4
6561,3
6562,4
6563,3
6564,3
6565,4
6566,2
6567,1
6568,1
6569,3
6570,1
6571,0
6572,1
6573,0
6574,1
6575,4
6576,1
6577,1
6578,2
6579,0
6580,1
6581,3
6582,3
6583,4
6584,4
6585,1
6586,2
6587,0
6588,3
6589,1
6590,3
6591,2
6592,1
6593,0
6594,0
6595,4
6596,3
6597,4
6598,2
6599,1
6600,3
6601,3
6602,1
6603,1
6604,1
6605,0
6606,1
6607,1
6608,3
6609,1
6610,4
6611,3
6612,2
6613,1
6614,2
6615,1
6616,1
6617,3
6618,4
6619,4
6620,0
6621,1
6622,0
6623,1
6624,1
6625,4
6626,1
6627,4
6628,1
6629,1
6630,0
6631,2
6632,3
6633,4
6634,3
6635,4
6636,1
6637,4
6638,1
6639,4
6640,1
6641,4
6642,3
6643,3
6644,4
6645,3
6646,0
6647,1
6648,0
6649,0
6650,1
6651,3
6652,2
6653,4
6654,4
6655,0
6656,4
6657,1
6658,0
6659,1
6660,1
6661,0
6662,2
6663,3
6664,-1
6665,3
6666,1
6667,3
6668,1
6669,1
6670,4
6671,3
6672,2
6673,0
6674,1
6675,2
6676,0
6677,4
6678,3
6679,2
6680,0
6681,2
6682,3
6683,2
6684,0
6685,1
6686,1
6687,2
6688,4
6689,1
6690,3
6691,1
6692,4
6693,1
6694,3
6695,2
6696,-1
6697,2
6698,2
6699,4
6700,1
6701,0
6702,4
6703,2
6704,3
6705,2
6706,0
6707,3
6708,1
6709,2
6710,1
6711,1
6712,1
6713,0
6714,0
6715,1
6716,4
6717,1
6718,1
6719,1
6720,2
6721,4
6722,0
6723,1
6724,4
6725,1
6726,1
6727,3
6728,1
6729,4
6730,2
6731,2
6732,3
6733,4
6734,0
6735,4
6736,2
6737,1
6738,4
6739,3
6740,2
6741,3
6742,2
6743,4
6744,0
6745,1
6746,2
6747,3
6748,1
6749,2
6750,1
6751,1
6752,2
6753,1
6754,1
6755,4
6756,2
6757,2
6758,3
6759,4
6760,2
6761,2
6762,1
6763,3
6764,1
6765,1
6766,0
6767,3
6768,4
6769,3
6770,1
6771,1
6772,3
6773,3
6774,1
6775,1
6776,2
6777,3
6778,4
6779,4
6780,0
6781,4
6782,1
6783,4
6784,2
6785,2
6786,0
6787,2
6788,0
6789,1
6790,1
6791,0
6792,1
6793,0
6794,2
6795,1
6796,-1
6797,1
6798,3
6799,1
6800,1
6801,2
6802,4
6803,1
6804,1
6805,3
6806,0
6807,3
6808,0
6809,0
6810,1
6811,3
6812,4
6813,4
6814,2
6815,1
6816,0
6817,1
6818,4
6819,4
6820,0
6821,3
6822,4
6823,3
6824,0
6825,1
6826,1
6827,1
6828,2
6829,1
6830,0
6831,1
6832,3
6833,1
6834,0
6835,2
6836,1
6837,0
6838,1
6839,2
6840,0
6841,0
6842,1
6843,4
6844,1
6845,3
6846,4
6847,3
6848,1
6849,0
6850,1
6851,4
6852,4
6853,4
6854,1
6855,3
6856,3
6857,4
6858,0
6859,4
6860,0
6861,4
6862,4
6863,4
6864,1
6865,4
6866,2
6867,1
6868,1
6869,4
6870,4
6871,2
6872,2
6873,2
6874,0
6875,1
6876,1
6877,1
6878,1
6879,1
6880,3
6881,0
6882,4
6883,1
6884,0
6885,1
6886,4
6887,3
6888,0
6889,1
6890,1
6891,0
6892,1
6893,0
6894,-1
6895,0
6896,0
6897,4
6898,4
6899,4
6900,0
6901,4
6902,4
6903,4
6904,4
6905,2
6906,2
6907,4
6908,2
6909,4
6910,4
6911,4
6912,4
6913,1
6914,3
6915,2
6916,3
6917,2
6918,2
6919,2
6920,0
6921,3
6922,3
6923,4
6924,0
6925,3
6926,4
6927,1
6928,4
6929,4
6930,4
6931,4
6932,1
6933,1
6934,1
6935,1
6936,3
6937,4
6938,4
6939,2
6940,1
6941,3
6942,1
6943,4
6944,1
6945,2
6946,4
6947,1
6948,3
6949,2
6950,0
6951,1
6952,1
6953,2
6954,1
6955,3
6956,3
6957,3
6958,1
6959,4
6960,1
6961,2
6962,1
6963,1
6964,3
6965,4
6966,1
6967,3
6968,4
6969,3
6970,1
6971,1
6972,2
6973,1
6974,0
6975,2
6976,2
6977,1
6978,3
6979,2
6980,0
6981,0
6982,3
6983,4
6984,3
6985,1
6986,2
6987,1
6988,4
6989,0
6990,0
6991,0
6992,0
6993,1
6994,0
6995,1
6996,2
6997,2
6998,4
6999,1
7000,1
7001,0
7002,3
7003,0
7004,2
7005,0
7006,3
7007,0
7008,0
7009,1
7010,0
7011,1
7012,3
7013,0
7014,2
7015,4
7016,1
7017,1
7018,3
7019,0
7020,2
7021,4
7022,2
7023,1
7024,1
7025,1
7026,0
7027,3
7028,4
7029,4
7030,4
7031,4
7032,4
7033,2
7034,1
7035,1
7036,0
7037,4
7038,4
7039,1
7040,1
7041,1
7042,3
7043,3
7044,3
7045,1
7046,2
7047,2
7048,3
7049,4
7050,1
7051,3
7052,4
7053,0
7054,1
7055,1
7056,2
7057,2
7058,1
7059,1
7060,3
7061,2
7062,3
7063,1
7064,3
7065,1
7066,2
7067,1
7068,1
7069,1
7070,3
7071,1
7072,3
7073,2
7074,4
7075,1
7076,0
7077,1
7078,3
7079,1
7080,1
7081,1
7082,1
7083,1
7084,3
7085,0
7086,1
7087,0
7088,4
7089,1
7090,3
7091,2
7092,4
7093,4
7094,0
7095,4
7096,2
7097,1
7098,1
7099,1
7100,1
7101,3
7102,1
7103,2
7104,4
7105,1
7106,1
7107,1
7108,3
7109,4
7110,1
7111,3
7112,0
7113,1
7114,1
7115,3
7116,1
7117,3
7118,4
7119,4
7120,4
7121,1
7122,1
7123,1
7124,4
7125,1
7126,3
7127,0
7128,1
7129,4
7130,1
7131,1
7132,0
7133,2
7134,0
7135,3
7136,3
7137,3
7138,4
7139,1
7140,4
7141,-1
7142,4
7143,1
7144,0
7145,4
7146,1
7147,0
7148,0
7149,3
7150,0
7151,1
7152,1
7153,4
7154,0
7155,0
7156,2
7157,3
7158,1
7159,1
7160,0
7161,1
7162,1
7163,2
7164,2
7165,2
7166,4
7167,0
7168,4
7169,4
7170,3
7171,2
7172,1
7173,1
7174,3
7175,2
7176,3
7177,1
7178,0
7179,2
7180,2
7181,2
7182,1
7183,1
7184,2
7185,4
7186,0
7187,1
7188,4
7189,4
7190,2
7191,0
7192,1
7193,3
7194,0
7195,4
7196,3
7197,2
7198,3
7199,4
7200,2
7201,1
7202,4
7203,1
7204,4
7205,2
7206,4
7207,1
7208,1
7209,2
7210,4
7211,2
7212,3
7213,2
7214,4
7215,1
7216,3
7217,0
7218,1
7219,4
7220,4
7221,1
7222,4
7223,1
7224,4
7225,2
7226,2
7227,0
7228,2
7229,1
7230,4
7231,2
7232,1
7233,4
7234,0
7235,3
7236,4
7237,2
7238,3
7239,1
7240,1
7241,0
7242,3
7243,1
7244,2
7245,1
7246,4
7247,1
7248,1
7249,1
7250,1
7251,3
7252,3
7253,2
7254,1
7255,1
7256,0
7257,1
7258,1
7259,2
7260,3
7261,4
7262,0
7263,2
7264,4
7265,2
7266,1
7267,1
7268,3
7269,1
7270,0
7271,0
7272,1
7273,0
7274,0
7275,4
7276,4
7277,1
7278,2
7279,1
7280,1
7281,1
7282,2
7283,1
7284,0
7285,2
7286,3
7287,0
7288,1
7289,1
7290,2
7291,0
7292,2
7293,2
7294,1
7295,1
7296,3
7297,4
7298,4
7299,4
7300,1
7301,2
7302,2
7303,0
7304,1
7305,4
7306,3
7307,0
7308,0
7309,3
7310,0
7311,1
7312,4
7313,0
7314,1
7315,1
7316,0
7317,0
7318,2
7319,2
7320,2
7321,2
7322,2
7323,1
7324,0
7325,0
7326,1
7327,4
7328,2
7329,3
7330,2
7331,1
7332,2
7333,0
7334,1
7335,2
7336,3
7337,3
7338,3
7339,4
7340,3
7341,0
7342,3
7343,3
7344,0
7345,1
7346,0
7347,0
7348,3
7349,2
7350,1
7351,0
7352,4
7353,1
7354,0
7355,3
7356,4
7357,2
7358,3
7359,1
7360,0
7361,2
7362,1
7363,1
7364,2
7365,2
7366,1
7367,4
7368,2
7369,2
7370,1
7371,1
7372,3
7373,4
7374,1
7375,1
7376,4
7377,4
7378,0
7379,1
7380,0
7381,1
7382,2
7383,1
7384,1
7385,3
7386,0
7387,3
7388,0
7389,1
7390,0
7391,0
7392,1
7393,1
7394,1
7395,4
7396,3
7397,4
7398,2
7399,0
7400,1
7401,1
7402,0
7403,0
7404,1
7405,2
7406,2
7407,4
7408,4
7409,0
7410,0
7411,4
7412,1
7413,3
7414,3
7415,1
7416,4
7417,2
7418,2
7419,1
7420,1
7421,0
7422,1
7423,1
7424,0
7425,1
7426,1
7427,1
7428,3
7429,4
7430,1
7431,1
7432,0
7433,2
7434,2
7435,1
7436,1
7437,2
7438,1
7439,4
7440,0
7441,1
7442,3
7443,0
7444,1
7445,1
7446,1
7447,1
7448,1
7449,1
7450,4
7451,3
7452,3
7453,4
7454,1
7455,4
7456,0
7457,0
7458,2
7459,1
7460,3
7461,2
7462,0
7463,1
7464,0
7465,2
7466,1
7467,2
7468,3
7469,3
7470,3
7471,0
7472,0
7473,4
7474,1
7475,0
7476,4
7477,4
7478,4
7479,3
7480,3
7481,4
7482,4
7483,2
7484,0
7485,3
7486,0
7487,2
7488,1
7489,0
7490,1
7491,2
7492,1
7493,0
7494,4
7495,2
7496,2
7497,0
7498,2
7499,0
7500,1
7501,1
7502,4
7503,2
7504,4
7505,1
7506,1
7507,0
7508,1
7509,0
7510,2
7511,4
7512,0
7513,0
7514,2
7515,1
7516,1
7517,3
7518,2
7519,3
7520,1
7521,3
7522,2
7523,3
7524,3
7525,2
7526,4
7527,0
7528,3
7529,4
7530,2
7531,0
7532,1
7533,2
7534,4
7535,3
7536,2
7537,0
7538,1
7539,0
7540,2
7541,1
7542,1
7543,2
7544,3
7545,1
7546,3
7547,0
7548,2
7549,0
7550,2
7551,1
7552,1
7553,3
7554,4
7555,3
7556,2
7557,4
7558,1
7559,4
7560,0
7561,1
7562,3
7563,2
7564,4
7565,0
7566,1
7567,4
7568,2
7569,0
7570,2
7571,2
7572,4
7573,1
7574,1
7575,2
7576,1
7577,1
7578,2
7579,3
7580,0
7581,1
7582,1
7583,3
7584,2
7585,0
7586,3
7587,3
7588,1
7589,2
7590,4
7591,1
7592,2
7593,0
7594,1
7595,2
7596,2
7597,0
7598,2
7599,2
7600,3
7601,0
7602,0
7603,1
7604,4
7605,1
7606,1
7607,0
7608,1
7609,4
7610,1
7611,1
7612,3
7613,2
7614,3
7615,4
7616,4
7617,1
7618,0
7619,2
7620,1
7621,4
7622,0
7623,0
7624,2
7625,0
7626,4
7627,1
7628,4
7629,1
7630,2
7631,1
7632,4
7633,3
7634,1
7635,3
7636,2
7637,0
7638,2
7639,1
7640,1
7641,3
7642,1
7643,1
7644,3
7645,1
7646,2
7647,4
7648,3
7649,1
7650,2
7651,1
7652,4
7653,1
7654,0
7655,0
7656,1
7657,0
7658,4
7659,1
7660,1
7661,2
7662,3
7663,1
7664,1
7665,0
7666,4
7667,3
7668,1
7669,1
7670,4
7671,0
7672,1
7673,1
7674,3
7675,0
7676,4
7677,4
7678,1
7679,1
7680,0
7681,1
7682,2
7683,0
7684,4
7685,1
7686,4
7687,1
7688,2
7689,2
7690,3
7691,4
7692,3
7693,3
7694,0
7695,1
7696,0
7697,2
7698,1
7699,4
7700,1
7701,1
7702,3
7703,3
7704,0
7705,1
7706,1
7707,2
7708,1
7709,4
7710,4
7711,0
7712,3
7713,0
7714,1
7715,1
7716,1
7717,1
7718,4
7719,4
7720,0
7721,2
7722,0
7723,4
7724,0
7725,2
7726,2
7727,1
7728,0
7729,1
7730,1
7731,4
7732,1
7733,1
7734,1
7735,1
7736,3
7737,1
7738,4
7739,3
7740,1
7741,4
7742,1
7743,4
7744,3
7745,0
7746,0
7747,2
7748,0
7749,1
7750,1
7751,1
7752,0
7753,1
7754,1
7755,4
7756,2
7757,4
7758,1
7759,1
7760,0
7761,1
7762,4
7763,0
7764,2
7765,1
7766,2
7767,1
7768,2
7769,1
7770,3
7771,1
7772,1
7773,1
7774,1
7775,0
7776,0
7777,0
7778,4
7779,2
7780,1
7781,1
7782,1
7783,1
7784,3
7785,4
7786,4
7787,1
7788,1
7789,0
7790,3
7791,2
7792,2
7793,1
7794,2
7795,4
7796,3
7797,1
7798,2
7799,2
7800,1
7801,1
7802,0
7803,3
7804,3
7805,0
7806,2
7807,1
7808,4
7809,0
7810,2
7811,1
7812,4
7813,0
7814,1
7815,4
7816,4
7817,1
7818,3
7819,2
7820,3
7821,4
7822,0
7823,4
7824,0
7825,0
7826,1
7827,0
7828,0
7829,1
7830,0
7831,2
7832,3
7833,0
7834,1
7835,0
7836,3
7837,0
7838,2
7839,1
7840,3
7841,1
7842,3
7843,0
7844,4
7845,3
7846,4
7847,2
7848,1
7849,3
7850,2
7851,2
7852,2
7853,3
7854,2
7855,2
7856,2
7857,4
7858,4
7859,2
7860,2
7861,1
7862,0
7863,0
7864,4
7865,3
7866,1
7867,3
7868,1
7869,3
7870,1
7871,2
7872,4
7873,1
7874,1
7875,2
7876,4
7877,2
7878,2
7879,1
7880,1
7881,2
7882,1
7883,1
7884,4
7885,0
7886,0
7887,2
7888,1
7889,3
7890,1
7891,1
7892,4
7893,3
7894,2
7895,3
7896,0
7897,3
7898,2
7899,1
7900,4
7901,4
7902,4
7903,2
7904,4
7905,3
7906,1
7907,2
7908,2
7909,3
7910,1
7911,1
7912,4
7913,4
7914,4
7915,1
7916,2
7917,2
7918,1
7919,0
7920,4
7921,4
7922,0
7923,1
7924,1
7925,1
7926,1
7927,4
7928,0
7929,2
7930,3
7931,3
7932,4
7933,1
7934,3
7935,0
7936,2
7937,2
7938,1
7939,2
7940,0
7941,1
7942,2
7943,0
7944,4
7945,0
7946,0
7947,3
7948,1
7949,1
7950,2
7951,2
7952,1
7953,4
7954,3
7955,4
7956,3
7957,3
7958,1
7959,2
7960,1
7961,0
7962,3
7963,1
7964,1
7965,3
7966,4
7967,1
7968,3
7969,2
7970,3
7971,1
7972,0
7973,3
7974,1
7975,2
7976,4
7977,1
7978,1
7979,4
7980,4
7981,4
7982,2
7983,1
7984,1
7985,1
7986,1
7987,1
7988,1
7989,4
7990,1
7991,3
7992,2
7993,4
7994,1
7995,0
7996,1
7997,3
7998,0
7999,2
8000,1
8001,0
8002,2
8003,4
8004,4
8005,0
8006,3
8007,0
8008,1
8009,2
8010,1
8011,2
8012,4
8013,4
8014,3
8015,4
8016,2
8017,4
8018,1
8019,1
8020,1
8021,4
8022,1
8023,3
8024,0
8025,1
8026,2
8027,1
8028,0
8029,2
8030,1
8031,2
8032,0
8033,2
8034,4
8035,1
8036,1
8037,4
8038,4
8039,1
8040,3
8041,2
8042,4
8043,4
8044,2
8045,2
8046,1
8047,0
8048,3
8049,1
8050,2
8051,0
8052,1
8053,1
8054,1
8055,3
8056,3
8057,1
8058,4
8059,0
8060,0
8061,3
8062,4
8063,4
8064,1
8065,1
8066,0
8067,1
8068,1
8069,2
8070,3
8071,2
8072,1
8073,4
8074,1
8075,4
8076,1
8077,4
8078,3
8079,1
8080,1
8081,2
8082,4
8083,2
8084,0
8085,0
8086,2
8087,1
8088,1
8089,1
8090,2
8091,1
8092,3
8093,2
8094,2
8095,4
8096,1
8097,0
8098,0
8099,2
8100,1
8101,0
8102,0
8103,3
8104,1
8105,3
8106,3
8107,3
8108,1
8109,4
8110,1
8111,2
8112,1
8113,4
8114,3
8115,4
8116,3
8117,4
8118,2
8119,2
8120,3
8121,3
8122,1
8123,4
8124,1
8125,1
8126,1
8127,2
8128,3
8129,4
8130,0
8131,4
8132,0
8133,0
8134,0
8135,1
8136,4
8137,1
8138,1
8139,3
8140,1
8141,4
8142,3
8143,1
8144,1
8145,0
8146,3
8147,1
8148,2
8149,0
8150,3
8151,0
8152,2
8153,4
8154,4
8155,1
8156,1
8157,4
8158,1
8159,0
8160,0
8161,4
8162,4
8163,1
8164,2
8165,1
8166,4
8167,4
8168,4
8169,1
8170,2
8171,1
8172,1
8173,4
8174,1
8175,1
8176,1
8177,0
8178,4
8179,0
8180,1
8181,0
8182,3
8183,4
8184,3
8185,4
8186,1
8187,1
8188,0
8189,3
8190,2
8191,1
8192,1
8193,0
8194,1
8195,3
8196,1
8197,3
8198,2
8199,4
8200,1
8201,4
8202,1
8203,1
8204,0
8205,1
8206,3
8207,1
8208,0
8209,1
8210,2
8211,2
8212,2
8213,1
8214,0
8215,3
8216,2
8217,4
8218,1
8219,4
8220,1
8221,2
8222,2
8223,0
8224,4
8225,3
8226,4
8227,3
8228,1
8229,3
8230,0
8231,0
8232,4
8233,1
8234,1
8235,2
8236,4
8237,0
8238,1
8239,3
8240,2
8241,1
8242,4
8243,0
8244,1
8245,2
8246,1
8247,4
8248,1
8249,0
8250,0
8251,2
8252,1
8253,2
8254,0
8255,0
8256,3
8257,1
8258,1
8259,4
8260,0
8261,1
8262,4
8263,4
8264,3
8265,3
8266,1
8267,0
8268,1
8269,3
8270,3
8271,1
8272,4
8273,4
8274,2
8275,1
8276,4
8277,2
8278,0
8279,1
8280,3
8281,4
8282,1
8283,4
8284,4
8285,4
8286,2
8287,1
8288,3
8289,3
8290,1
8291,4
8292,4
8293,4
8294,1
8295,4
8296,1
8297,3
8298,3
8299,1
8300,3
8301,3
8302,1
8303,0
8304,1
8305,0
8306,1
8307,1
8308,1
8309,1
8310,0
8311,0
8312,3
8313,3
8314,4
8315,3
8316,1
8317,4
8318,1
8319,3
8320,0
8321,0
8322,2
8323,1
8324,4
8325,3
8326,4
8327,0
8328,4
8329,0
8330,4
8331,0
8332,1
8333,0
8334,2
8335,2
8336,4
8337,1
8338,0
8339,1
8340,3
8341,1
8342,3
8343,1
8344,2
8345,1
8346,3
8347,4
8348,0
8349,1
8350,4
8351,1
8352,4
8353,1
8354,0
8355,1
8356,1
8357,1
8358,4
8359,4
8360,0
8361,2
8362,1
8363,1
8364,3
8365,4
8366,2
8367,2
8368,1
8369,0
8370,1
8371,0
8372,1
8373,4
8374,2
8375,3
8376,3
8377,1
8378,0
8379,2
8380,4
8381,1
8382,3
8383,1
8384,3
8385,3
8386,1
8387,2
8388,2
8389,3
8390,1
8391,3
8392,0
8393,4
8394,3
8395,3
8396,2
8397,3
8398,4
8399,3
8400,1
8401,1
8402,1
8403,2
8404,3
8405,1
8406,1
8407,3
8408,2
8409,1
8410,0
8411,1
8412,1
8413,0
8414,2
8415,1
8416,0
8417,1
8418,2
8419,3
8420,1
8421,1
8422,2
8423,2
8424,3
8425,1
8426,2
8427,1
8428,4
8429,2
8430,1
8431,0
8432,2
8433,4
8434,0
8435,2
8436,1
8437,2
8438,4
8439,0
8440,2
8441,1
8442,4
8443,2
8444,4
8445,0
8446,4
8447,2
8448,1
8449,4
8450,3
8451,3
8452,0
8453,4
8454,1
8455,4
8456,0
8457,4
8458,4
8459,4
8460,0
8461,0
8462,4
8463,1
8464,1
8465,3
8466,2
8467,0
8468,1
8469,3
8470,1
8471,1
8472,3
8473,4
8474,3
8475,2
8476,1
8477,4
8478,1
8479,4
8480,3
8481,0
8482,1
8483,3
8484,3
8485,3
8486,2
8487,0
8488,0
8489,0
8490,4
8491,1
8492,3
8493,1
8494,1
8495,4
8496,1
8497,3
8498,3
8499,0
8500,4
8501,1
8502,4
8503,0
8504,2
8505,3
8506,0
8507,2
8508,4
8509,2
8510,3
8511,4
8512,1
8513,2
8514,2
8515,3
8516,1
8517,4
8518,0
8519,3
8520,2
8521,1
8522,3
8523,4
8524,3
8525,1
8526,1
8527,3
8528,2
8529,4
8530,4
8531,2
8532,2
8533,3
8534,3
8535,4
8536,3
8537,1
8538,4
8539,3
8540,2
8541,2
8542,1
8543,4
8544,1
8545,2
8546,0
8547,4
8548,3
8549,2
8550,4
8551,4
8552,1
8553,4
8554,0
8555,3
8556,2
8557,0
8558,3
8559,0
8560,2
8561,2
8562,0
8563,1
8564,1
8565,4
8566,1
8567,1
8568,4
8569,2
8570,4
8571,3
8572,2
8573,0
8574,2
8575,4
8576,1
8577,4
8578,2
8579,2
8580,0
8581,1
8582,3
8583,0
8584,1
8585,4
8586,4
8587,4
8588,3
8589,2
8590,1
8591,4
8592,2
8593,1
8594,4
8595,1
8596,0
8597,4
8598,1
8599,4
8600,0
8601,1
8602,1
8603,1
8604,1
8605,0
8606,1
8607,4
8608,0
8609,4
8610,2
8611,1
8612,1
8613,1
8614,2
8615,1
8616,3
8617,4
8618,4
8619,2
8620,2
8621,1
8622,3
8623,4
8624,1
8625,4
8626,4
8627,4
8628,1
8629,3
8630,1
8631,1
8632,1
8633,1
8634,4
8635,0
8636,2
8637,4
8638,1
8639,1
8640,1
8641,2
8642,0
8643,0
8644,2
8645,2
8646,1
8647,0
8648,1
8649,3
8650,4
8651,1
8652,1
8653,1
8654,0
8655,3
8656,0
8657,2
8658,4
8659,4
8660,3
8661,2
8662,3
8663,4
8664,1
8665,2
8666,0
8667,1
8668,1
8669,0
8670,2
8671,1
8672,0
8673,4
8674,2
8675,1
8676,1
8677,4
8678,2
8679,0
8680,1
8681,1
8682,1
8683,4
8684,4
8685,1
8686,3
8687,3
8688,2
8689,2
8690,0
8691,1
8692,2
8693,4
8694,4
8695,1
8696,2
8697,0
8698,2
8699,0
8700,3
8701,1
8702,4
8703,4
8704,1
8705,3
8706,1
8707,3
8708,3
8709,3
8710,1
8711,0
8712,2
8713,3
8714,2
8715,1
8716,2
8717,4
8718,4
8719,3
8720,0
8721,0
8722,0
8723,3
8724,1
8725,0
8726,1
8727,3
8728,1
8729,1
8730,1
8731,2
8732,4
8733,4
8734,1
8735,3
8736,4
8737,2
8738,3
8739,4
8740,3
8741,4
8742,2
8743,1
8744,4
8745,3
8746,4
8747,1
8748,3
8749,3
8750,1
8751,2
8752,3
8753,1
8754,0
8755,1
8756,4
8757,0
8758,1
8759,2
8760,1
8761,4
8762,4
8763,1
8764,3
8765,1
8766,1
8767,3
8768,4
8769,1
8770,0
8771,3
8772,0
8773,1
8774,0
8775,1
8776,0
8777,1
8778,4
8779,1
8780,3
8781,1
8782,4
8783,1
8784,3
8785,4
8786,2
8787,1
8788,1
8789,2
8790,3
8791,0
8792,4
8793,1
8794,1
8795,1
8796,2
8797,1
8798,1
8799,1
8800,1
8801,0
8802,2
8803,2
8804,1
8805,4
8806,1
8807,1
8808,3
8809,3
8810,1
8811,1
8812,1
8813,4
8814,3
8815,4
8816,2
8817,4
8818,0
8819,1
8820,2
8821,3
8822,1
8823,1
8824,0
8825,2
8826,1
8827,2
8828,0
8829,0
8830,1
8831,0
8832,1
8833,1
8834,2
8835,4
8836,0
8837,4
8838,4
8839,1
8840,4
8841,1
8842,2
8843,2
8844,1
8845,2
8846,1
8847,2
8848,0
8849,1
8850,0
8851,3
8852,0
8853,2
8854,1
8855,1
8856,0
8857,2
8858,3
8859,2
8860,2
8861,2
8862,0
8863,1
8864,4
8865,1
8866,1
8867,0
8868,1
8869,1
8870,1
8871,2
8872,1
8873,4
8874,1
8875,3
8876,2
8877,0
8878,0
8879,3
8880,1
8881,3
8882,1
8883,0
8884,3
8885,0
8886,3
8887,0
8888,3
8889,1
8890,4
8891,2
8892,3
8893,1
8894,2
8895,2
8896,4
8897,1
8898,4
8899,4
8900,1
8901,2
8902,1
8903,1
8904,0
8905,3
8906,1
8907,2
8908,1
8909,1
8910,4
8911,4
8912,3
8913,3
8914,4
8915,1
8916,4
8917,1
8918,4
8919,1
8920,2
8921,2
8922,1
8923,0
8924,4
8925,1
8926,1
8927,2
8928,4
8929,1
8930,4
8931,1
8932,1
8933,1
8934,0
8935,2
8936,1
8937,1
8938,4
8939,2
8940,0
8941,1
8942,1
8943,3
8944,1
8945,2
8946,0
8947,4
8948,1
8949,1
8950,1
8951,2
8952,0
8953,1
8954,2
8955,0
8956,0
8957,1
8958,4
8959,2
8960,2
8961,1
8962,4
8963,1
8964,3
8965,3
8966,2
8967,4
8968,3
8969,1
8970,3
8971,3
8972,0
8973,3
8974,1
8975,3
8976,1
8977,3
8978,1
8979,1
8980,3
8981,1
8982,4
8983,0
8984,2
8985,0
8986,1
8987,4
8988,1
8989,4
8990,2
8991,4
8992,1
8993,4
8994,1
8995,3
8996,1
8997,4
8998,1
8999,1
9000,0
9001,0
9002,1
9003,0
9004,3
9005,3
9006,1
9007,0
9008,0
9009,0
9010,3
9011,2
9012,1
9013,2
9014,1
9015,4
9016,1
9017,1
9018,2
9019,2
9020,2
9021,1
9022,1
9023,3
9024,2
9025,2
9026,3
9027,1
9028,4
9029,4
9030,2
9031,0
9032,0
9033,3
9034,1
9035,4
9036,1
9037,1
9038,1
9039,0
9040,4
9041,2
9042,1
9043,1
9044,0
9045,1
9046,4
9047,1
9048,4
9049,1
9050,4
9051,1
9052,1
9053,3
9054,1
9055,1
9056,2
9057,2
9058,0
9059,3
9060,1
9061,4
9062,1
9063,3
9064,1
9065,1
9066,4
9067,1
9068,1
9069,4
9070,1
9071,4
9072,4
9073,2
9074,3
9075,4
9076,1
9077,1
9078,3
9079,4
9080,3
9081,1
9082,2
9083,4
9084,1
9085,1
9086,1
9087,3
9088,2
9089,3
9090,0
9091,0
9092,1
9093,3
9094,1
9095,1
9096,3
9097,1
9098,1
9099,0
9100,4
9101,1
9102,1
9103,1
9104,4
9105,4
9106,3
9107,3
9108,2
9109,1
9110,1
9111,0
9112,1
9113,2
9114,1
9115,1
9116,3
9117,4
9118,4
9119,3
9120,4
9121,4
9122,3
9123,4
9124,4
9125,0
9126,1
9127,2
9128,3
9129,0
9130,2
9131,4
9132,1
9133,2
9134,2
9135,0
9136,1
9137,2
9138,3
9139,1
9140,1
9141,2
9142,3
9143,1
9144,2
9145,4
9146,1
9147,1
9148,2
9149,2
9150,0
9151,3
9152,2
9153,0
9154,1
9155,1
9156,1
9157,1
9158,4
9159,4
9160,3
9161,0
9162,0
9163,2
9164,1
9165,4
9166,4
9167,2
9168,3
9169,4
9170,3
9171,1
9172,2
9173,0
9174,0
9175,1
9176,4
9177,0
9178,1
9179,3
9180,4
9181,2
9182,2
9183,0
9184,1
9185,1
9186,3
9187,2
9188,0
9189,1
9190,4
9191,1
9192,1
9193,1
9194,1
9195,2
9196,4
9197,2
9198,4
9199,4
9200,4
9201,2
9202,3
9203,3
9204,0
9205,2
9206,1
9207,1
9208,2
9209,1
9210,1
9211,0
9212,2
9213,2
9214,1
9215,4
9216,0
9217,1
9218,2
9219,3
9220,1
9221,1
9222,1
9223,1
9224,3
9225,1
9226,3
9227,4
9228,3
9229,0
9230,1
9231,1
9232,1
9233,3
9234,1
9235,2
9236,1
9237,1
9238,1
9239,1
9240,1
9241,0
9242,2
9243,1
9244,1
9245,0
9246,3
9247,2
9248,1
9249,4
9250,0
9251,1
9252,2
9253,1
9254,0
9255,1
9256,0
9257,1
9258,2
9259,0
9260,4
9261,2
9262,0
9263,3
9264,0
9265,3
9266,1
9267,4
9268,0
9269,0
9270,3
9271,1
9272,3
9273,4
9274,0
9275,2
9276,1
9277,0
9278,1
9279,3
9280,1
9281,4
9282,0
9283,3
9284,4
9285,0
9286,4
9287,3
9288,4
9289,4
9290,3
9291,3
9292,3
9293,1
9294,1
9295,1
9296,4
9297,0
9298,2
9299,3
9300,1
9301,4
9302,1
9303,4
9304,0
9305,4
9306,1
9307,4
9308,3
9309,1
9310,4
9311,1
9312,1
9313,2
9314,1
9315,3
9316,1
9317,2
9318,3
9319,0
9320,1
9321,4
9322,2
9323,3
9324,0
9325,1
9326,1
9327,1
9328,4
9329,1
9330,1
9331,4
9332,4
9333,1
9334,3
9335,3
9336,3
9337,2
9338,1
9339,2
9340,1
9341,0
9342,0
9343,4
9344,4
9345,3
9346,1
9347,3
9348,1
9349,1
9350,3
9351,1
9352,2
9353,4
9354,3
9355,4
9356,0
9357,1
9358,3
9359,1
9360,1
9361,3
9362,4
9363,1
9364,2
9365,3
9366,3
9367,4
9368,1
9369,1
9370,0
9371,1
9372,1
9373,0
9374,2
9375,0
9376,2
9377,0
9378,4
9379,3
9380,3
9381,3
9382,1
9383,2
9384,2
9385,0
9386,0
9387,3
9388,1
9389,1
9390,1
9391,2
9392,1
9393,4
9394,4
9395,4
9396,2
9397,1
9398,3
9399,1
9400,1
9401,3
9402,3
9403,3
9404,1
9405,1
9406,0
9407,1
9408,2
9409,1
9410,2
9411,1
9412,1
9413,1
9414,1
9415,2
9416,2
9417,1
9418,3
9419,0
9420,2
9421,2
9422,1
9423,3
9424,1
9425,1
9426,3
9427,1
9428,4
9429,0
9430,0
9431,3
9432,0
9433,0
9434,4
9435,1
9436,0
9437,1
9438,4
9439,1
9440,0
9441,2
9442,2
9443,2
9444,2
9445,2
9446,2
9447,1
9448,4
9449,3
9450,1
9451,1
9452,1
9453,1
9454,2
9455,0
9456,4
9457,1
9458,1
9459,4
9460,0
9461,1
9462,0
9463,1
9464,3
9465,4
9466,4
9467,2
9468,1
9469,1
9470,4
9471,4
9472,2
9473,2
9474,1
9475,1
9476,2
9477,1
9478,0
9479,3
9480,3
9481,3
9482,3
9483,3
9484,3
9485,4
9486,0
9487,1
9488,3
9489,0
9490,1
9491,4
9492,3
9493,3
9494,0
9495,3
9496,4
9497,1
9498,3
9499,1
9500,1
9501,1
9502,4
9503,1
9504,1
9505,2
9506,1
9507,1
9508,3
9509,1
9510,0
9511,1
9512,4
9513,3
9514,1
9515,1
9516,0
9517,1
9518,0
9519,1
9520,1
9521,4
9522,0
9523,2
9524,3
9525,2
9526,2
9527,2
9528,1
9529,1
9530,0
9531,4
9532,2
9533,2
9534,1
9535,4
9536,4
9537,2
9538,1
9539,1
9540,0
9541,4
9542,1
9543,2
9544,0
9545,1
9546,4
9547,2
9548,3
9549,3
9550,1
9551,1
9552,4
9553,1
9554,1
9555,1
9556,0
9557,1
9558,1
9559,2
9560,2
9561,1
9562,1
9563,1
9564,1
9565,1
9566,4
9567,1
9568,3
9569,0
9570,3
9571,2
9572,0
9573,1
9574,4
9575,1
9576,1
9577,1
9578,0
9579,4
9580,2
9581,3
9582,3
9583,0
9584,1
9585,4
9586,2
9587,2
9588,4
9589,0
9590,2
9591,4
9592,1
9593,4
9594,3
9595,4
9596,2
9597,3
9598,3
9599,3
9600,3
9601,3
9602,0
9603,1
9604,3
9605,3
9606,1
9607,4
9608,4
9609,4
9610,1
9611,1
9612,1
9613,1
9614,0
9615,1
9616,0
9617,1
9618,1
9619,1
9620,3
9621,2
9622,1
9623,0
9624,2
9625,4
9626,1
9627,4
9628,2
9629,1
9630,2
9631,1
9632,4
9633,4
9634,3
9635,3
9636,0
9637,1
9638,1
9639,4
9640,0
9641,1
9642,1
9643,3
9644,4
9645,4
9646,1
9647,4
9648,1
9649,4
9650,2
9651,2
9652,3
9653,0
9654,1
9655,0
9656,1
9657,4
9658,1
9659,1
9660,3
9661,1
9662,2
9663,4
9664,3
9665,4
9666,4
9667,2
9668,3
9669,1
9670,4
9671,0
9672,0
9673,4
9674,3
9675,2
9676,2
9677,1
9678,3
9679,3
9680,0
9681,1
9682,0
9683,0
9684,4
9685,2
9686,2
9687,0
9688,0
9689,1
9690,4
9691,3
9692,1
9693,4
9694,2
9695,1
9696,3
9697,1
9698,3
9699,4
9700,1
9701,1
9702,0
9703,0
9704,1
9705,3
9706,4
9707,0
9708,1
9709,1
9710,2
9711,1
9712,3
9713,4
9714,1
9715,4
9716,3
9717,3
9718,1
9719,0
9720,1
9721,0
9722,1
9723,4
9724,4
9725,1
9726,2
9727,1
9728,0
9729,4
9730,3
9731,1
9732,3
9733,3
9734,0
9735,4
9736,2
9737,2
9738,1
9739,3
9740,1
9741,4
9742,2
9743,1
9744,4
9745,1
9746,2
9747,3
9748,1
9749,4
9750,1
9751,1
9752,4
9753,1
9754,1
9755,0
9756,4
9757,1
9758,1
9759,1
9760,1
9761,3
9762,3
9763,1
9764,4
9765,2
9766,1
9767,0
9768,2
9769,1
9770,1
9771,3
9772,2
9773,3
9774,3
9775,0
9776,2
9777,2
9778,3
9779,1
9780,0
9781,2
9782,0
9783,0
9784,2
9785,3
9786,3
9787,0
9788,1
9789,2
9790,0
9791,2
9792,4
9793,0
9794,2
9795,2
9796,4
9797,1
9798,4
9799,1
9800,1
9801,1
9802,1
9803,3
9804,1
9805,1
9806,3
9807,1
9808,0
9809,1
9810,0
9811,2
9812,3
9813,4
9814,4
9815,0
9816,1
9817,1
9818,4
9819,3
9820,1
9821,0
9822,1
9823,2
9824,1
9825,3
9826,1
9827,0
9828,1
9829,1
9830,1
9831,1
9832,0
9833,0
9834,3
9835,1
9836,2
9837,1
9838,1
9839,3
9840,1
9841,3
9842,4
9843,2
9844,1
9845,2
9846,1
9847,1
9848,1
9849,0
9850,3
9851,0
9852,0
9853,1
9854,2
9855,4
9856,1
9857,1
9858,1
9859,4
9860,4
9861,3
9862,1
9863,1
9864,1
9865,4
9866,1
9867,1
9868,1
9869,4
9870,4
9871,4
9872,1
9873,3
9874,2
9875,3
9876,4
9877,4
9878,1
9879,0
9880,3
9881,0
9882,4
9883,3
9884,4
9885,1
9886,3
9887,1
9888,2
9889,3
9890,1
9891,2
9892,0
9893,2
9894,0
9895,0
9896,0
9897,1
9898,3
9899,1
9900,4
9901,1
9902,2
9903,2
9904,1
9905,4
9906,1
9907,4
9908,0
9909,1
9910,1
9911,4
9912,2
9913,1
9914,2
9915,2
9916,4
9917,0
9918,1
9919,3
9920,1
9921,1
9922,1
9923,2
9924,0
9925,3
9926,4
9927,1
9928,1
9929,0
9930,1
9931,3
9932,1
9933,3
9934,2
9935,4
9936,3
9937,3
9938,2
9939,0
9940,4
9941,1
9942,1
9943,1
9944,1
9945,4
9946,4
9947,1
9948,4
9949,4
9950,1
9951,4
9952,3
9953,3
9954,3
9955,1
9956,1
9957,1
9958,4
9959,3
9960,1
9961,2
9962,3
9963,1
9964,2
9965,0
9966,0
9967,4
9968,0
9969,0
9970,3
9971,4
9972,0
9973,3
9974,0
9975,3
9976,0
9977,4
9978,2
9979,3
9980,3
9981,4
9982,1
9983,1
9984,2
9985,1
9986,3
9987,2
9988,0
9989,4
9990,0
9991,1
9992,1
9993,1
9994,1
9995,3
9996,1
9997,4
9998,3
9999,3
